User ID,instagram_visit_score,spending_rank
0,63,24.05070845
1,61,25.22329005
2,104,18.52824526
3,82,86.89023241
4,14,31.49239692
5,74,81.19531414
6,83,88.11972945
7,71,87.4683564
8,42,80.829564
9,79,25.96662164
10,94,24.46567368
11,30,30.97504081
12,62,23.93688398
13,19,14.21656395
14,36,23.46131302
15,17,22.40513668
16,98,14.59998927
17,87,12.50427488
18,55,11.76071954
19,65,8.782403628
20,90,70.58210415
21,69,106.9393719
22,17,24.41608933
23,82,14.85335365
24,68,83.08778344
25,76,19.85507906
26,80,68.72519179
27,80,16.63787901
28,32,57.42090343
29,46,53.70152626
30,97,14.52232178
31,67,83.43530752
32,42,59.2847078
33,73,84.30603906
34,85,25.94031124
35,48,26.3334073
36,79,17.69698635
37,39,59.51894928
38,20,22.02046139
39,89,87.33332063
40,84,77.21589021
41,90,18.45624481
42,95,9.525985718
43,77,83.88780572
44,87,89.32350728
45,84,24.48394908
46,87,86.80134737
47,91,31.77727934
48,20,30.07324971
49,29,22.27105893
50,46,67.57232403
51,86,91.57086075
52,58,17.38965215
53,39,78.10751173
54,44,65.02712226
55,37,68.66589307
56,61,22.30799431
57,91,12.45225859
58,72,79.72874053
59,81,97.36505105
60,19,15.89441948
61,81,92.54237622
62,83,26.91451103
63,75,23.81224389
64,84,86.09920913
65,56,27.02080663
66,52,9.886817607
67,78,81.55022856
68,67,84.62768822
69,97,12.35561638
70,98,13.16862217
71,28,38.01909248
72,106,18.35170261
73,71,104.7360573
74,20,22.06784969
75,94,26.94953576
76,37,61.96779185
77,25,13.24753967
78,75,93.97846339
79,82,13.83837631
80,61,28.45837723
81,82,89.23215347
82,25,38.3940287
83,76,79.49618626
84,33,65.67214893
85,93,24.3271692
86,86,18.23979234
87,95,35.08898197
88,84,15.76761568
89,55,63.23372514
90,69,78.56101791
91,95,23.24628216
92,67,25.08785074
93,40,58.16089026
94,98,23.00398013
95,95,20.54964074
96,86,95.38030712
97,19,14.62477033
98,33,23.24338149
99,39,60.35146419
100,51,27.47569732
101,80,90.73751483
102,94,6.978186468
103,90,20.7456649
104,63,84.24248112
105,95,92.3898169
106,31,27.54973738
107,73,90.43334873
108,41,35.02395962
109,35,22.7267631
110,95,85.61243772
111,68,11.87430005
112,25,58.35334386
113,81,20.96871631
114,81,21.76232895
115,91,19.7525264
116,42,53.55666866
117,46,60.14346481
118,80,26.66295582
119,77,19.05073001
120,89,30.50516776
121,84,11.2317819
122,101,32.79851185
123,46,52.31751679
124,26,27.47217237
125,83,15.54859762
126,48,36.82701421
127,80,76.19183168
128,38,53.74735043
129,42,17.04988133
130,39,61.81339667
131,84,16.90087229
132,93,15.33330896
133,31,5.082856803
134,17,26.83332592
135,77,24.41556805
136,90,31.3925246
137,94,24.91943309
138,24,77.16295984
139,25,63.87886991
140,78,27.57820665
141,24,28.21248903
142,17,37.61182537
143,34,68.7057727
144,73,22.8126494
145,104,23.35762412
146,88,26.73680467
147,86,23.25454226
148,77,28.29643605
149,13,28.29543776
150,25,28.01492023
151,84,18.70656052
152,48,65.53988896
153,19,29.16840223
154,24,24.19521043
155,82,88.96899434
156,90,86.0910732
157,61,11.32237039
158,80,85.54864535
159,17,27.36112903
160,51,19.73527445
161,81,19.04858095
162,70,21.09830578
163,27,18.98877336
164,35,67.52190515
165,33,16.90051369
166,76,99.1237311
167,87,79.74843641
168,60,21.47885791
169,75,76.23377259
170,65,21.82376162
171,69,78.56928699
172,85,23.555059
173,98,7.942425657
174,84,7.687225784
175,84,80.593889
176,25,28.70377582
177,93,23.65261494
178,67,82.19940878
179,83,84.41794026
180,88,74.50483022
181,46,14.7812366
182,11,15.22567934
183,25,63.66221672
184,74,87.37823625
185,29,23.32993675
186,33,28.7200071
187,67,23.59321418
188,44,71.25388416
189,63,17.55261153
190,22,21.6712293
191,94,15.43388662
192,52,12.51356204
193,90,95.65491071
194,18,16.61266057
195,82,22.05297087
196,87,26.56631865
197,32,20.85594495
198,66,17.95901183
199,59,22.52011807
200,82,92.05440447
201,83,29.44906499
202,11,27.66611345
203,60,20.12253563
204,91,78.05065227
205,78,16.19723923
206,78,18.37600346
207,86,18.50963704
208,36,54.22593981
209,86,15.59737784
210,62,94.91645619
211,21,17.11089923
212,35,64.31421702
213,84,20.00936342
214,41,69.08266159
215,28,19.86392432
216,34,54.19525743
217,50,54.67236072
218,87,13.18225755
219,77,16.25437429
220,67,23.81050932
221,89,21.95099679
222,57,10.52620316
223,75,95.49217662
224,12,13.24174207
225,90,82.07861209
226,58,20.72003154
227,85,15.56630248
228,76,78.07417774
229,12,18.33271481
230,39,61.39784668
231,60,14.24971359
232,48,82.21160875
233,62,15.57775969
234,85,86.19000662
235,34,60.61421798
236,31,62.48681525
237,72,8.37489358
238,56,30.69619064
239,91,82.55129812
240,81,85.97665734
241,52,32.5548928
242,21,18.88156344
243,84,95.28497476
244,60,19.08541304
245,89,23.71888002
246,38,61.66847702
247,60,21.00434692
248,96,19.58555753
249,98,2.711248587
250,48,67.61752672
251,99,9.454214215
252,74,6.208650472
253,84,11.17645134
254,90,18.31930725
255,76,13.98310121
256,61,30.48422196
257,80,32.46238896
258,42,32.08359615
259,74,67.2278253
260,91,22.15936574
261,85,18.32780613
262,28,23.55117474
263,15,30.83117767
264,42,63.75778413
265,95,21.16693051
266,42,66.78334725
267,85,9.057944521
268,76,91.84905254
269,53,64.77070667
270,86,76.66507516
271,30,31.50555559
272,71,15.17556799
273,83,24.81658207
274,16,34.76071054
275,32,53.57749898
276,19,36.57260947
277,65,75.95033784
278,26,70.63324698
279,26,71.22888027
280,60,5.145758067
281,73,15.2776218
282,63,6.68084
283,52,13.57191358
284,79,21.23684547
285,75,76.04700661
286,33,21.59960647
287,83,9.738161785
288,88,13.52483314
289,24,33.09396046
290,87,18.85404152
291,44,24.42277704
292,47,64.74629775
293,93,21.63797805
294,86,86.12020684
295,49,15.98064079
296,67,16.87625688
297,90,37.53057246
298,84,20.80639274
299,33,15.73880635
300,23,41.92542623
301,32,57.22349629
302,16,30.88718141
303,86,15.21619583
304,86,62.44422097
305,40,49.37574124
306,93,81.86624173
307,93,19.97177887
308,94,5.942648774
309,87,12.80558456
310,98,11.79319285
311,27,24.7431829
312,70,80.90917307
313,71,64.98953989
314,81,83.10716523
315,67,25.31521455
316,85,28.02554384
317,60,13.59379054
318,39,28.63800481
319,87,65.38471806
320,56,17.62508529
321,50,76.30235269
322,43,68.00480275
323,72,82.58527994
324,78,82.52693226
325,83,16.56328135
326,30,76.48826316
327,90,10.83667749
328,65,20.38865292
329,27,68.48481799
330,19,24.17208026
331,85,79.56108473
332,5,29.54739643
333,40,63.33957126
334,27,57.07282424
335,76,90.61974666
336,15,20.60926597
337,32,20.06536716
338,79,8.204026606
339,89,23.41564993
340,57,6.942328937
341,95,3.776767637
342,55,21.1258642
343,68,22.59870832
344,85,33.00929131
345,85,26.39622326
346,101,24.23950402
347,43,60.44099039
348,87,24.09242993
349,44,77.51233295
350,34,75.88646013
351,22,23.05317264
352,18,10.14402649
353,83,79.95562677
354,34,61.4575757
355,78,17.91956456
356,89,34.69671504
357,28,30.07681026
358,81,11.80327545
359,77,85.12529881
360,50,24.05756165
361,79,5.34741078
362,89,23.78727486
363,94,22.35525383
364,81,10.4111462
365,14,21.30010087
366,50,22.12827166
367,94,14.97405577
368,76,86.3823613
369,26,33.11451414
370,23,31.60134184
371,43,61.19705033
372,62,17.67966805
373,98,22.76002744
374,45,71.64125832
375,84,23.52029169
376,79,70.30288484
377,92,86.07262506
378,60,19.31255444
379,85,18.75385148
380,51,19.14330836
381,24,24.98961218
382,86,87.12735245
383,83,18.66157389
384,97,24.08108564
385,31,25.03969485
386,49,16.60737293
387,59,61.73056908
388,85,11.49266305
389,87,90.93473461
390,66,82.51317329
391,78,74.13380583
392,22,18.69782203
393,87,27.42259581
394,28,45.69516336
395,38,71.93015254
396,39,53.2819345
397,72,14.05913735
398,85,8.167946986
399,60,31.82224229
400,83,88.56602578
401,88,34.44354303
402,12,23.4044479
403,57,39.05173716
404,69,78.45012746
405,19,25.24606561
406,13,28.12989116
407,30,73.83523426
408,90,19.03134888
409,95,26.96858861
410,89,19.11371912
411,19,18.90255259
412,26,29.76273578
413,32,41.80669899
414,81,78.79889851
415,33,59.03970412
416,90,12.8121914
417,30,77.48787055
418,91,27.80179223
419,83,78.87354191
420,30,21.50185677
421,99,19.24704872
422,83,96.32182718
423,81,77.09703154
424,91,12.58927484
425,42,75.85094055
426,63,15.50581792
427,93,77.61937984
428,65,24.22242289
429,28,23.71340252
430,88,98.04298777
431,27,77.22486683
432,100,23.42272523
433,80,17.04699716
434,63,21.8495164
435,45,84.97045035
436,39,27.92569992
437,89,6.282675235
438,53,39.82201791
439,31,29.40444535
440,90,89.77440076
441,90,17.61903337
442,78,93.23704793
443,77,24.41028312
444,73,12.25126419
445,9,40.48369646
446,79,22.86652091
447,90,23.84538143
448,81,89.11413834
449,31,20.11730805
450,93,15.28581815
451,80,23.74313207
452,24,28.07948876
453,82,93.5233572
454,76,82.44936603
455,85,23.78611592
456,24,16.23929877
457,30,25.96737183
458,45,63.39344836
459,19,29.04436893
460,84,79.24263078
461,86,79.47777183
462,27,65.88106241
463,38,24.00258683
464,93,17.30662554
465,86,4.919132986
466,82,12.47998559
467,95,13.25665296
468,84,89.44173763
469,53,18.26673794
470,57,19.55053998
471,34,60.38734363
472,53,9.131617919
473,88,17.1533441
474,72,85.18097625
475,67,25.75189752
476,93,14.00304875
477,18,15.52698738
478,88,28.48858968
479,86,82.31900748
480,61,21.5110996
481,88,11.42268953
482,66,98.28742501
483,20,21.14324526
484,23,22.13480913
485,47,44.62789768
486,21,25.13109369
487,65,86.43369428
488,87,85.64276569
489,82,15.57815058
490,43,69.0304756
491,37,63.54847167
492,88,91.08317257
493,102,7.639653452
494,81,90.86260865
495,66,79.12652846
496,83,76.42241486
497,41,73.92483537
498,84,18.80740811
499,40,24.6655343
500,77,24.29470263
501,82,82.65963104
502,86,8.957578037
503,45,18.66640142
504,79,101.2974694
505,93,19.92757073
506,81,89.93845695
507,72,67.13687397
508,34,25.4864208
509,35,69.83001274
510,77,84.74197188
511,47,51.7082666
512,82,21.91036653
513,29,15.36585777
514,72,83.66978888
515,88,15.59823016
516,82,83.42672064
517,8,17.33119867
518,78,91.17666619
519,75,82.37445229
520,93,12.91347352
521,76,19.32317113
522,38,61.65151407
523,71,24.85975843
524,32,72.29810003
525,19,18.34164898
526,58,18.99400413
527,86,97.26610968
528,28,13.47817235
529,90,80.82509118
530,69,84.68126418
531,91,24.55994382
532,42,70.83502658
533,16,21.71634966
534,83,26.66254146
535,96,18.40088572
536,17,26.78577361
537,40,62.01453889
538,94,23.26091604
539,35,68.91120681
540,46,69.95428106
541,29,28.29282218
542,34,73.82045207
543,74,82.65275105
544,56,21.3028389
545,89,16.83125962
546,41,59.25267761
547,87,13.40332177
548,94,25.166725
549,80,107.3498213
550,77,94.43647703
551,28,72.73489328
552,22,14.6878653
553,82,22.86368007
554,95,27.53314394
555,22,17.90788153
556,22,25.42124007
557,83,81.90740914
558,21,28.61111105
559,94,16.42831673
560,68,80.78308878
561,79,83.26510525
562,8,28.01124291
563,18,19.82837667
564,38,51.67846232
565,104,32.47904843
566,35,66.22827835
567,99,11.41480527
568,20,3.74084121
569,85,83.38545074
570,88,15.77517981
571,78,72.20843195
572,69,18.55368629
573,20,21.47021756
574,59,63.66034551
575,93,17.31815726
576,34,63.72408271
577,94,18.0776233
578,79,19.83597568
579,41,63.48204303
580,66,27.74741896
581,87,18.10466996
582,39,17.6704159
583,73,74.16136629
584,80,30.61155602
585,24,19.89866347
586,93,23.60727388
587,21,22.89733379
588,91,18.0839691
589,43,64.30157906
590,11,28.38200846
591,34,62.03583451
592,40,67.82837223
593,95,13.34840297
594,21,19.39408891
595,84,85.71251997
596,89,22.80616314
597,86,11.77306271
598,28,24.12922046
599,86,86.35571955
600,42,67.72313499
601,68,18.96620616
602,52,69.2315798
603,98,19.85924708
604,16,22.31414443
605,63,22.69436867
606,101,17.05192703
607,96,23.54967946
608,66,13.70656857
609,21,29.65268724
610,74,91.04485495
611,60,22.86062191
612,24,28.03571359
613,92,17.45409259
614,21,24.43896263
615,75,77.56580697
616,86,30.31419065
617,95,78.75782044
618,90,87.56556129
619,29,69.67257647
620,36,66.36574834
621,57,17.33728452
622,88,80.49313723
623,33,67.48319316
624,96,29.55533403
625,19,27.45221947
626,26,59.65004757
627,38,69.88476544
628,41,76.40002638
629,85,88.71169592
630,81,19.81587932
631,77,26.04922826
632,92,12.57633088
633,93,19.69985956
634,83,21.29254354
635,82,88.67689814
636,93,16.04681292
637,92,27.49362388
638,70,67.61031259
639,79,83.99803534
640,28,27.09321823
641,49,23.75744174
642,92,92.98849481
643,90,89.68993884
644,80,76.85722348
645,84,17.48314517
646,76,26.22789504
647,90,75.07443563
648,36,68.13652511
649,84,15.43781637
650,84,91.95018419
651,49,62.51518523
652,96,14.93304629
653,43,64.19028543
654,71,82.44190593
655,10,20.05081203
656,102,15.75047732
657,78,80.52421884
658,86,4.862885987
659,50,59.46381802
660,71,28.3619342
661,82,75.67791771
662,18,18.25793383
663,88,81.80334766
664,74,90.96805611
665,40,57.37237849
666,92,22.30448585
667,22,15.80352856
668,118,37.36377976
669,84,8.825502438
670,27,66.19425651
671,78,88.44596944
672,84,81.94347904
673,86,97.20040582
674,82,25.92428706
675,72,84.86219703
676,59,12.88300392
677,66,19.57217849
678,54,22.03334597
679,79,15.4052108
680,103,11.0367217
681,51,10.89198963
682,45,62.10626375
683,67,87.58034603
684,93,14.3318693
685,47,65.76544843
686,74,83.04615279
687,46,76.55699732
688,90,9.455246891
689,40,56.18884924
690,11,27.27702928
691,54,21.03267369
692,84,15.24508506
693,99,24.99765907
694,43,69.50125159
695,20,36.64182385
696,92,22.7277342
697,22,14.84958356
698,87,19.84903172
699,53,30.59113774
700,25,36.76944711
701,69,11.7754869
702,92,31.12346471
703,86,93.90920425
704,32,61.47481763
705,67,65.96116655
706,56,11.76877509
707,47,63.48961593
708,88,7.14465413
709,89,14.72449931
710,20,32.26661979
711,54,10.99098861
712,86,9.610418122
713,78,82.12873846
714,9,27.82657391
715,36,66.40227956
716,80,77.02165025
717,67,21.69380359
718,87,97.32106926
719,28,25.73422109
720,50,58.46795832
721,88,20.49545196
722,36,78.17358982
723,71,80.72973996
724,90,21.3758769
725,67,85.31770855
726,80,89.19660668
727,85,24.30956688
728,95,85.71835635
729,70,85.83428993
730,80,80.40097141
731,77,25.47637648
732,34,17.76545182
733,89,16.75676016
734,81,31.1479944
735,81,24.29460015
736,96,19.56682581
737,71,85.36779734
738,91,95.67606276
739,46,72.9607622
740,22,23.20465617
741,86,14.94751872
742,73,83.83004354
743,24,15.11203098
744,75,85.73339582
745,15,22.71277272
746,71,84.40723992
747,55,17.0720548
748,38,68.10960139
749,85,77.56595839
750,62,24.88835946
751,91,24.26005519
752,23,22.73312702
753,58,22.83432576
754,32,4.452421246
755,82,93.47888001
756,23,24.17587916
757,81,16.96735835
758,86,68.07812412
759,97,30.80227731
760,70,92.07544552
761,100,21.48389982
762,78,81.31386235
763,64,21.09728335
764,30,28.05596377
765,21,21.71444274
766,86,20.2849701
767,86,26.74225546
768,94,19.90062299
769,56,16.97405612
770,39,31.79533494
771,24,26.9403733
772,84,82.94275402
773,77,27.99445114
774,90,16.2955497
775,52,20.63726103
776,79,21.3101007
777,86,12.56278731
778,24,22.7665684
779,33,34.73516479
780,77,22.27258288
781,87,31.22683245
782,61,23.9828188
783,90,7.945098806
784,67,24.49279645
785,26,26.74135777
786,48,70.02793767
787,27,23.91574887
788,61,20.72914424
789,89,37.70171439
790,14,20.57456766
791,53,5.279509931
792,97,4.9615593
793,36,64.40556706
794,83,99.32756876
795,92,26.31941597
796,83,9.114961264
797,84,29.61133505
798,93,81.8619913
799,24,25.70464922
800,28,69.32359027
801,14,24.68949391
802,90,17.54183812
803,78,21.01015447
804,62,66.66079382
805,73,90.04652851
806,75,2.858754134
807,72,80.78504716
808,78,85.51108119
809,80,23.12074726
810,33,33.09713944
811,91,24.37677445
812,32,9.645072902
813,91,29.96855962
814,90,13.5461769
815,21,34.16833803
816,70,26.80774098
817,80,17.33378919
818,66,86.22620888
819,64,15.26606044
820,89,34.32417921
821,85,6.689413886
822,25,29.3721526
823,88,23.2102108
824,14,39.9846706
825,64,17.50391176
826,87,78.88968554
827,26,18.33459807
828,29,39.55775005
829,70,84.17663779
830,42,54.93721292
831,77,19.71569704
832,53,22.46225971
833,28,26.11337186
834,83,97.11097284
835,101,12.94797323
836,92,77.86237335
837,100,14.4504811
838,10,18.15412379
839,58,27.86819891
840,88,19.71142506
841,36,28.90977811
842,38,60.68759122
843,95,34.26005039
844,36,29.14849048
845,27,70.50292616
846,97,19.35788784
847,100,30.96660628
848,40,61.29851112
849,88,26.43246433
850,87,20.02038155
851,85,104.9295479
852,91,7.536137246
853,41,49.11162024
854,28,26.84610842
855,96,28.09948413
856,79,72.38124139
857,89,85.59944699
858,78,79.11013959
859,17,14.34986547
860,70,20.72938158
861,28,20.68159023
862,91,14.85423634
863,54,26.6154245
864,66,19.00573989
865,102,30.60811282
866,80,82.76745061
867,76,73.05853731
868,16,16.44852774
869,28,17.7654099
870,24,31.16054453
871,74,95.00164122
872,41,74.0345035
873,41,24.68307136
874,49,8.129857686
875,44,21.9697578
876,18,34.32489538
877,74,85.3926014
878,88,22.43899036
879,77,17.73895764
880,82,68.60740355
881,82,78.99244863
882,43,29.88913264
883,25,73.16251407
884,47,14.50015394
885,64,15.54012673
886,81,21.44462083
887,78,22.45717384
888,22,70.48694379
889,81,83.91136136
890,38,56.33155641
891,61,19.33718358
892,89,22.98173912
893,77,83.42126388
894,30,25.02828167
895,45,24.445565
896,30,27.67219613
897,22,23.24900004
898,51,19.76797807
899,13,11.66749784
900,65,14.19155773
901,85,77.1638631
902,84,92.21666786
903,59,8.90513015
904,84,27.59195383
905,92,18.32430416
906,21,26.99265981
907,101,4.070824865
908,18,13.4380945
909,73,74.25847526
910,35,19.82913112
911,26,11.63827858
912,24,22.06587211
913,37,26.23170817
914,61,27.91068444
915,90,19.38474385
916,33,63.6903976
917,32,69.46708965
918,89,21.88722687
919,98,15.79264248
920,87,24.97973807
921,83,90.19246631
922,67,88.64933762
923,56,20.78535522
924,51,58.90398424
925,17,22.37542477
926,40,61.73907015
927,86,30.36636416
928,86,30.47798976
929,75,84.07299429
930,78,80.46975186
931,91,34.59321043
932,69,23.74623675
933,91,3.819827199
934,33,56.61105596
935,28,28.16971466
936,99,10.89337039
937,26,24.62047344
938,59,17.56452301
939,22,25.73050125
940,59,20.59341293
941,52,30.09665805
942,36,74.58896892
943,89,16.6487281
944,92,27.7546774
945,64,6.364417772
946,33,20.26072181
947,27,26.06546354
948,82,7.012014901
949,79,83.88192128
950,47,60.88896899
951,42,61.33478963
952,82,13.26258521
953,24,17.58998543
954,90,30.64441284
955,24,20.02391285
956,28,27.50255746
957,97,30.38140043
958,28,64.79113715
959,22,16.30434613
960,34,65.450068
961,18,34.84352775
962,29,12.87282967
963,78,93.68455397
964,63,14.46551165
965,70,17.01388903
966,51,15.89361424
967,66,83.4142854
968,87,17.39311615
969,69,18.70849405
970,80,84.533464
971,42,60.56068915
972,70,12.9686796
973,78,24.1772309
974,68,99.49277749
975,85,21.59762876
976,54,72.32286308
977,80,90.8013805
978,48,31.22104728
979,39,71.6091871
980,85,14.47631621
981,31,25.44194192
982,76,84.95956256
983,30,79.17802777
984,56,26.56771759
985,93,19.65139133
986,90,19.72337352
987,104,14.18251919
988,58,14.91428404
989,74,73.70072342
990,32,48.7725424
991,81,76.83989094
992,83,88.0443439
993,93,23.78257681
994,15,10.23531483
995,43,65.9296972
996,91,80.84403349
997,82,3.925189511
998,22,16.53991501
999,96,21.05371931
1000,64,26.68003761
1001,18,33.37762216
1002,9,25.92791436
1003,37,26.60703171
1004,79,82.87442493
1005,86,19.18997122
1006,81,70.44599952
1007,95,87.28035
1008,93,19.57925395
1009,59,77.4908713
1010,66,6.298164663
1011,40,58.4626609
1012,58,61.57087436
1013,24,26.20696126
1014,41,50.59470801
1015,97,30.66953562
1016,79,8.384028972
1017,102,18.41421282
1018,73,25.65571748
1019,45,69.23291157
1020,78,79.56038465
1021,31,59.62866457
1022,61,7.409837279
1023,61,20.58658386
1024,86,88.6824638
1025,78,96.43484823
1026,72,13.81693159
1027,82,11.36980997
1028,31,27.07653929
1029,87,82.51968193
1030,92,84.25716474
1031,56,20.01928387
1032,63,87.31392062
1033,38,11.08681684
1034,88,10.18427364
1035,79,22.79881039
1036,48,70.31389956
1037,45,64.83566573
1038,92,27.60312911
1039,77,68.10814856
1040,48,72.79993839
1041,12,39.63081546
1042,86,18.47321996
1043,38,74.2344017
1044,76,75.53485592
1045,22,12.42997145
1046,44,64.01321817
1047,94,15.92229478
1048,87,25.84288415
1049,85,92.92910623
1050,77,82.67271831
1051,90,16.52733684
1052,32,59.17139368
1053,52,23.57801069
1054,89,14.66719552
1055,65,17.98720449
1056,31,23.68512698
1057,21,25.16013418
1058,92,93.04375635
1059,69,91.00975764
1060,98,8.270715239
1061,68,84.23969179
1062,90,12.55057087
1063,60,9.458299645
1064,86,24.94101606
1065,41,61.99373967
1066,89,23.2372539
1067,83,96.78597288
1068,83,76.87754403
1069,43,80.84014718
1070,19,37.44663097
1071,13,25.47446496
1072,28,22.22318169
1073,80,87.05874309
1074,82,86.68588495
1075,7,31.48039225
1076,83,23.61560457
1077,41,60.67080782
1078,81,83.04511644
1079,91,28.71150353
1080,94,12.44067648
1081,39,51.67217295
1082,53,16.08768868
1083,88,23.65202979
1084,102,14.24038556
1085,19,26.47418051
1086,79,86.05699503
1087,85,84.51585986
1088,94,10.55302873
1089,34,60.41700564
1090,61,60.54603563
1091,80,14.67661175
1092,20,28.54185363
1093,60,19.30915914
1094,90,85.45642288
1095,60,15.54666914
1096,91,13.71266633
1097,91,14.15057563
1098,91,29.35021356
1099,73,99.29949012
1100,92,19.97842923
1101,89,16.98821993
1102,89,30.08055781
1103,101,26.36836409
1104,87,97.25011796
1105,62,23.1155047
1106,69,90.54028988
1107,30,23.80319921
1108,114,8.67350267
1109,72,92.83456018
1110,59,8.51897377
1111,45,62.10497478
1112,73,17.79886209
1113,38,63.82772399
1114,92,16.42035297
1115,95,22.39737337
1116,85,93.65213524
1117,80,83.69835663
1118,48,61.11708018
1119,73,82.46362548
1120,88,83.24600192
1121,28,74.83570345
1122,26,28.37284075
1123,72,80.54383029
1124,104,14.00160396
1125,92,35.59382499
1126,86,24.29563525
1127,23,36.38695878
1128,88,81.15863941
1129,40,62.30191568
1130,88,13.31953113
1131,75,89.52757515
1132,97,21.57673579
1133,88,98.48809061
1134,59,15.76774225
1135,90,100.1051057
1136,92,15.47284673
1137,35,31.39413955
1138,88,27.94854721
1139,82,24.25152029
1140,40,12.91841197
1141,78,89.93341285
1142,77,81.10296821
1143,87,35.26071908
1144,77,86.05777549
1145,28,27.33585304
1146,89,19.14941277
1147,25,12.57463673
1148,99,24.48459869
1149,85,88.4052188
1150,24,23.02046989
1151,27,27.8442665
1152,42,56.80594389
1153,88,15.97750609
1154,85,91.39861123
1155,81,96.74873411
1156,81,14.60319608
1157,72,22.83319377
1158,20,16.63077261
1159,83,32.22125032
1160,89,19.36832528
1161,44,70.56163288
1162,18,38.670427
1163,88,13.7603188
1164,48,56.10213499
1165,65,28.28433855
1166,90,84.21107833
1167,64,28.36221742
1168,76,74.09777593
1169,45,75.60957307
1170,69,87.27588949
1171,37,66.59882198
1172,83,24.92293063
1173,80,83.03882261
1174,87,16.33575334
1175,77,20.87818154
1176,15,27.00288152
1177,31,35.3122305
1178,35,27.97064939
1179,37,66.49004728
1180,72,22.26491908
1181,46,73.27830502
1182,83,97.08623868
1183,90,86.32665446
1184,48,72.37130915
1185,86,23.68228291
1186,33,68.04239172
1187,90,24.4509944
1188,26,27.947972
1189,52,74.30544679
1190,86,22.05812746
1191,83,12.89944692
1192,75,86.92865656
1193,85,24.25293659
1194,92,14.68711211
1195,93,22.10043395
1196,81,94.92318481
1197,83,26.58727818
1198,90,13.40677991
1199,27,17.55157292
1200,26,51.05357296
1201,82,79.46907855
1202,94,7.778122979
1203,30,19.69370727
1204,62,31.91398018
1205,20,21.39229661
1206,57,28.42928979
1207,75,8.445815211
1208,80,101.5735419
1209,33,27.37706959
1210,104,7.505329424
1211,40,72.70100434
1212,88,21.18988948
1213,80,86.7309114
1214,5,16.34537227
1215,27,30.29929876
1216,27,57.90334535
1217,74,75.37714781
1218,61,10.6953155
1219,42,61.22082584
1220,64,22.38413823
1221,27,18.59428196
1222,56,27.12054143
1223,82,21.06250374
1224,79,81.0437795
1225,96,6.151010138
1226,91,13.1151177
1227,72,74.77691749
1228,60,36.74012292
1229,40,70.0125424
1230,93,10.69837748
1231,85,89.54873251
1232,98,11.46074097
1233,32,41.00401185
1234,90,15.89483319
1235,83,14.43385879
1236,91,17.5377417
1237,41,52.65804707
1238,19,18.80171096
1239,20,25.19053906
1240,43,8.160087637
1241,27,29.62664916
1242,79,92.28690773
1243,86,17.87451669
1244,83,75.58720769
1245,31,62.77826259
1246,47,68.35290614
1247,84,17.97957666
1248,94,17.26872643
1249,84,17.18030026
1250,94,26.13765298
1251,82,15.09072399
1252,84,18.37127663
1253,37,70.57213232
1254,66,23.65979512
1255,41,71.65221925
1256,86,29.12433285
1257,99,4.351174784
1258,40,65.33096824
1259,76,74.64177477
1260,102,25.34762172
1261,76,93.66449789
1262,90,25.94755303
1263,87,24.02740936
1264,77,80.44290861
1265,37,75.22806945
1266,88,11.18123759
1267,76,11.7148239
1268,36,36.02019077
1269,28,26.34094649
1270,99,17.57406896
1271,96,16.44796957
1272,34,75.71669318
1273,91,3.547374862
1274,82,89.56504525
1275,84,14.67859242
1276,27,58.32480836
1277,61,12.85516285
1278,95,14.75588541
1279,29,64.47808584
1280,38,28.00117906
1281,96,88.34750077
1282,70,83.7964247
1283,95,13.33858842
1284,87,82.69845279
1285,89,24.98108037
1286,83,86.9378772
1287,74,85.34028195
1288,65,89.2604372
1289,47,16.16719652
1290,98,15.68558004
1291,25,30.75926806
1292,96,18.50960115
1293,31,84.15837064
1294,15,32.25584613
1295,41,53.60848506
1296,52,14.44897407
1297,78,87.00612897
1298,78,94.07038684
1299,40,59.19865398
1300,68,91.18292448
1301,24,32.65129534
1302,67,97.79189727
1303,35,70.2985371
1304,93,88.81490116
1305,27,28.09653115
1306,85,91.96886358
1307,56,16.07561792
1308,32,66.83738905
1309,86,12.82806183
1310,67,12.33076707
1311,68,16.10824847
1312,98,17.80554345
1313,49,34.60323982
1314,95,16.82158814
1315,84,78.30971102
1316,46,23.08500682
1317,18,39.32548715
1318,93,18.4235839
1319,85,80.12787635
1320,55,27.44102621
1321,28,72.58020287
1322,83,18.55696844
1323,44,60.6765901
1324,27,69.66556397
1325,94,13.90612965
1326,90,36.4317351
1327,91,20.68119445
1328,83,93.97652308
1329,30,73.09347987
1330,22,19.67704026
1331,45,76.74211895
1332,63,29.01273392
1333,30,20.95650522
1334,63,27.21756309
1335,33,73.41430512
1336,57,11.31347611
1337,27,24.26387208
1338,92,33.58629279
1339,21,20.12996554
1340,21,30.43276379
1341,86,25.726561
1342,92,9.72956657
1343,33,66.79064653
1344,87,26.39666823
1345,23,18.41357243
1346,96,20.60539918
1347,51,16.2469275
1348,75,102.0254409
1349,77,99.98219718
1350,37,62.23688419
1351,42,55.05216131
1352,90,6.164741273
1353,82,94.98120738
1354,21,33.18062301
1355,56,27.82233196
1356,88,26.18463665
1357,26,17.37446014
1358,97,83.18082805
1359,91,12.70761561
1360,62,28.78280798
1361,91,32.76927614
1362,74,93.51366949
1363,99,14.67609363
1364,92,27.57283891
1365,47,58.22231802
1366,32,69.35699442
1367,22,32.03569406
1368,82,29.37927374
1369,78,13.86121895
1370,80,89.74061953
1371,24,25.08624175
1372,74,84.71317283
1373,95,17.759303
1374,83,30.02176318
1375,89,12.11457201
1376,91,33.04142906
1377,41,57.32620152
1378,85,31.24618618
1379,89,82.05431351
1380,21,18.77526552
1381,59,29.28505202
1382,95,23.17113931
1383,30,76.33898979
1384,24,33.4980991
1385,91,34.91548939
1386,86,35.0611196
1387,85,86.70251978
1388,84,82.91416946
1389,78,26.96556444
1390,39,63.63264308
1391,78,7.160223769
1392,72,82.2667369
1393,90,22.42719323
1394,93,15.37909158
1395,39,70.98346207
1396,99,31.3616172
1397,59,9.254483825
1398,31,24.13669399
1399,79,22.32923533
1400,41,60.82407692
1401,96,8.161023605
1402,90,21.85779784
1403,18,14.4898953
1404,80,19.30231892
1405,30,17.04083284
1406,29,14.93877456
1407,54,13.29819198
1408,80,99.92269808
1409,77,6.677085377
1410,82,16.18245621
1411,99,88.03242183
1412,72,13.68071224
1413,36,70.10109325
1414,86,80.54251021
1415,97,9.563710479
1416,93,20.79289997
1417,99,10.30999062
1418,55,17.69231542
1419,92,82.82352902
1420,94,32.21956827
1421,42,60.09135121
1422,78,83.19786713
1423,25,30.4002532
1424,97,24.47909378
1425,66,84.06536487
1426,87,87.09766802
1427,56,28.62034538
1428,80,94.61377334
1429,89,32.13844493
1430,81,93.27492701
1431,83,12.93429808
1432,89,32.02147722
1433,86,3.033172736
1434,101,19.570391
1435,33,77.09546446
1436,66,76.07158201
1437,47,69.53916019
1438,73,95.40386077
1439,88,70.36066879
1440,46,47.38371935
1441,31,27.3904574
1442,23,23.63316412
1443,84,16.39365994
1444,57,35.17603962
1445,97,32.19823618
1446,93,16.99260382
1447,85,93.2541868
1448,39,67.0075317
1449,51,61.8967813
1450,44,60.89597942
1451,99,17.43513292
1452,91,13.56747347
1453,20,23.21558703
1454,48,10.1794089
1455,19,36.52282791
1456,65,20.3739295
1457,72,9.636912429
1458,77,91.64993951
1459,82,81.43327013
1460,95,21.57769525
1461,87,16.71144156
1462,88,83.87053669
1463,68,18.87009771
1464,88,26.72186319
1465,86,14.83665396
1466,90,23.78746041
1467,33,78.5793632
1468,77,73.85323148
1469,85,21.28432659
1470,60,27.04060157
1471,18,26.8937247
1472,101,20.3208479
1473,79,84.26240882
1474,27,32.47838486
1475,75,12.79920826
1476,98,29.55616271
1477,97,16.86927908
1478,26,40.99115058
1479,86,28.28415816
1480,97,13.54903343
1481,32,34.96797135
1482,21,28.02448405
1483,39,60.84526444
1484,77,25.4700976
1485,97,13.60071137
1486,51,66.6080451
1487,40,90.7065391
1488,19,30.09981133
1489,71,101.1052387
1490,84,69.03065746
1491,96,20.01788898
1492,97,23.95698037
1493,77,23.03810205
1494,64,26.69355415
1495,79,84.27293832
1496,46,58.65918993
1497,22,19.04022759
1498,19,37.61441305
1499,24,22.6184268
1500,15,31.33272232
1501,95,23.9121892
1502,99,18.83076511
1503,74,73.42931545
1504,87,99.24190767
1505,29,13.22032444
1506,86,86.95829636
1507,87,74.7873169
1508,81,88.29981189
1509,19,26.80590632
1510,79,85.24247486
1511,58,25.77072634
1512,67,83.87051009
1513,63,82.299777
1514,84,18.11932492
1515,52,17.63297657
1516,19,34.73384343
1517,32,80.58672472
1518,78,16.98677193
1519,84,16.2029485
1520,90,24.92950768
1521,89,88.37212594
1522,42,74.82698453
1523,40,57.13324721
1524,26,25.72241017
1525,71,90.17290646
1526,83,19.74143715
1527,92,27.681237
1528,27,16.80203868
1529,85,102.245353
1530,27,35.7628704
1531,72,9.375473882
1532,25,23.40607716
1533,47,21.15233346
1534,31,65.65251039
1535,91,10.44260474
1536,102,21.56052147
1537,92,82.74485414
1538,24,19.46476818
1539,74,91.38556503
1540,96,28.99802132
1541,41,72.27217797
1542,99,4.350237654
1543,54,18.34943165
1544,85,99.70685308
1545,72,86.23887301
1546,91,29.73006567
1547,101,24.5999467
1548,29,70.68528539
1549,86,92.00245408
1550,82,11.65320579
1551,64,0.990841534
1552,19,24.62436929
1553,75,74.43331779
1554,82,12.29527342
1555,31,25.58695131
1556,23,22.03862864
1557,7,25.15250636
1558,96,11.80080363
1559,74,80.78311281
1560,76,89.58321959
1561,71,70.46155784
1562,89,22.9121661
1563,64,92.48481939
1564,95,19.7082102
1565,7,26.88613311
1566,23,33.08307854
1567,35,21.92213655
1568,43,55.84393354
1569,87,77.68343322
1570,87,24.56721756
1571,64,86.13427328
1572,24,37.85007041
1573,74,90.5687385
1574,29,31.71666989
1575,27,38.07001585
1576,89,30.24545051
1577,77,80.79368962
1578,32,23.8374243
1579,87,20.18218186
1580,54,22.26135543
1581,101,20.69335802
1582,78,83.75155205
1583,32,58.51963896
1584,29,61.77645867
1585,80,74.03671507
1586,24,56.36637398
1587,74,73.48781425
1588,69,88.80572729
1589,63,15.96812474
1590,91,17.41965778
1591,21,39.4714904
1592,31,18.96434695
1593,54,13.19524909
1594,84,103.723128
1595,45,60.21920597
1596,86,29.54715312
1597,94,80.77341018
1598,83,84.01523569
1599,60,15.08341228
1600,40,78.77810516
1601,24,22.84834606
1602,57,15.04543555
1603,45,79.30291882
1604,88,73.05827884
1605,21,17.65877605
1606,74,90.43483516
1607,82,36.20009831
1608,85,86.02918581
1609,88,31.80778428
1610,89,13.50373401
1611,91,4.366758985
1612,78,26.46611043
1613,17,34.08358967
1614,88,22.07179889
1615,26,22.1088268
1616,83,22.47141832
1617,78,72.74924103
1618,84,84.65593338
1619,35,59.39812747
1620,86,16.76439244
1621,99,21.6342754
1622,72,87.81211271
1623,91,83.61286437
1624,16,21.19887734
1625,87,13.73894627
1626,73,84.18431094
1627,51,60.53349594
1628,87,25.86934161
1629,89,23.66277943
1630,49,54.22519501
1631,90,80.7353707
1632,97,15.77444253
1633,27,4.205554327
1634,46,69.8496171
1635,77,26.72125395
1636,100,22.51883541
1637,80,72.60114624
1638,16,25.39123809
1639,42,62.46409593
1640,83,27.42591038
1641,5,29.90213947
1642,86,20.02687404
1643,84,81.62560166
1644,29,45.6859803
1645,19,25.23872919
1646,30,25.91256262
1647,85,22.74193595
1648,93,27.59099892
1649,84,84.28030527
1650,56,13.53130025
1651,18,12.05288048
1652,19,33.20978781
1653,88,10.79272685
1654,46,68.10038766
1655,34,13.69751201
1656,98,13.09596378
1657,20,28.12037535
1658,84,19.55955355
1659,76,15.65968615
1660,17,64.64625599
1661,92,13.14804118
1662,80,80.93741238
1663,74,19.88917085
1664,33,78.6336981
1665,71,89.64657118
1666,90,15.65811395
1667,80,20.21465378
1668,77,30.48921569
1669,33,5.806115002
1670,27,41.69458249
1671,92,91.94399647
1672,79,85.70476225
1673,96,21.38135949
1674,44,30.54024079
1675,81,26.66173993
1676,34,73.13560682
1677,71,11.21629654
1678,109,14.39395116
1679,59,29.44375347
1680,21,38.86947796
1681,43,50.88887151
1682,87,23.97375338
1683,49,34.41743567
1684,30,16.1208952
1685,22,11.56504339
1686,73,23.27478856
1687,28,24.80355822
1688,82,15.83011226
1689,81,77.89206762
1690,88,28.95208761
1691,88,27.89115108
1692,96,8.705664863
1693,93,27.66794242
1694,69,87.64700365
1695,41,72.0601093
1696,87,10.22584938
1697,80,97.50369414
1698,48,68.9834853
1699,78,83.63454167
1700,21,14.37320415
1701,41,71.58128797
1702,77,73.09851098
1703,17,13.96123744
1704,42,62.80465928
1705,83,74.8385409
1706,86,79.43833021
1707,36,74.47947652
1708,81,12.84646685
1709,90,25.28810826
1710,31,27.37913661
1711,37,60.71210725
1712,68,92.63779822
1713,78,89.63816282
1714,98,92.58891373
1715,66,22.45299657
1716,78,73.05838086
1717,87,96.63040451
1718,93,29.85615825
1719,95,17.81718903
1720,70,84.9022468
1721,36,23.06070526
1722,35,57.32223911
1723,89,14.72105723
1724,39,36.10386094
1725,83,84.33970134
1726,78,27.545803
1727,79,94.0553124
1728,81,81.00433625
1729,90,100.6720784
1730,88,87.87552101
1731,61,27.81176292
1732,92,17.85261289
1733,94,12.02228307
1734,75,76.69533683
1735,18,26.44565387
1736,43,69.18115097
1737,50,60.75664004
1738,26,57.9891273
1739,12,24.49649384
1740,34,26.53999423
1741,20,10.86560616
1742,42,69.59510589
1743,92,26.82984254
1744,90,19.1424863
1745,39,71.63085991
1746,61,31.44468171
1747,14,31.00223462
1748,12,21.95446153
1749,70,77.17904691
1750,81,87.70751774
1751,84,25.48470216
1752,77,73.98350592
1753,51,66.73264012
1754,85,23.54245915
1755,87,23.37716623
1756,77,77.82766002
1757,92,22.79657007
1758,87,87.25358779
1759,41,59.35563287
1760,58,33.45836604
1761,95,21.94874371
1762,84,19.9133336
1763,79,80.66952813
1764,18,21.51746731
1765,38,74.16187356
1766,73,19.43262147
1767,31,23.12906065
1768,35,76.70823918
1769,26,15.9356976
1770,18,25.17219817
1771,36,54.35574439
1772,36,67.81226544
1773,98,26.2747699
1774,43,68.9479406
1775,32,24.45784744
1776,20,22.27944126
1777,94,28.04225485
1778,40,69.14722887
1779,34,26.5862276
1780,86,81.28760718
1781,87,13.64592367
1782,87,84.68367165
1783,30,25.18459094
1784,93,13.45881202
1785,77,24.59714276
1786,25,16.92175698
1787,46,67.16754419
1788,70,27.7818925
1789,84,3.458709837
1790,53,57.42994259
1791,84,17.74997317
1792,81,10.16772222
1793,92,11.75923657
1794,59,22.08560786
1795,86,22.04597292
1796,101,24.26541799
1797,83,11.71907011
1798,12,24.15650513
1799,49,75.89658324
1800,36,69.93261572
1801,32,28.0390306
1802,85,96.82144723
1803,52,59.84527233
1804,86,74.88676299
1805,97,18.59968166
1806,36,58.60153531
1807,38,73.94930852
1808,56,25.81046239
1809,86,86.91124259
1810,92,89.28419973
1811,66,11.0143034
1812,68,93.39780794
1813,41,70.21638734
1814,95,18.1368552
1815,70,96.3969914
1816,87,88.63510216
1817,91,17.06901503
1818,25,23.59612112
1819,78,23.98980979
1820,12,18.34614294
1821,22,25.70763692
1822,83,21.42124728
1823,25,11.54328046
1824,49,29.48737497
1825,88,82.33278682
1826,89,16.31202419
1827,98,14.77195196
1828,80,82.98314581
1829,52,15.4825111
1830,80,94.21376422
1831,93,7.774980117
1832,84,98.82774982
1833,75,94.93651204
1834,21,16.14525862
1835,67,25.25781006
1836,80,72.98613435
1837,91,19.1283317
1838,79,91.28137504
1839,41,64.92281513
1840,80,21.05503927
1841,94,31.57097254
1842,32,61.40526952
1843,86,83.71937296
1844,36,39.21916882
1845,81,63.30610134
1846,66,31.05323611
1847,52,11.86357955
1848,76,24.89777963
1849,39,62.57533523
1850,72,78.62789484
1851,103,18.46745797
1852,85,18.70638262
1853,100,7.689885434
1854,47,64.78029197
1855,76,93.09412582
1856,65,17.18583199
1857,100,19.09969158
1858,16,31.75619865
1859,61,16.93988968
1860,86,88.47904574
1861,54,33.02581218
1862,101,26.63020398
1863,85,92.60701831
1864,76,90.23627304
1865,14,19.28819959
1866,84,31.61050101
1867,80,23.85503135
1868,90,83.30407205
1869,37,74.50348205
1870,98,84.87036186
1871,66,23.45610858
1872,40,78.51086906
1873,92,20.93577141
1874,49,69.03035145
1875,51,60.71391189
1876,86,13.54884961
1877,82,83.25237657
1878,78,78.32243851
1879,72,69.20352091
1880,90,12.83792932
1881,66,23.98383775
1882,39,58.84051194
1883,72,82.62802711
1884,89,26.7339813
1885,39,77.62593462
1886,63,0.940708942
1887,44,62.00323355
1888,104,29.29955412
1889,41,60.06756497
1890,43,65.75795633
1891,78,83.1929744
1892,33,68.16638456
1893,25,42.54718605
1894,32,35.5924578
1895,46,65.05145899
1896,15,37.4359801
1897,84,86.37370915
1898,37,60.27330689
1899,33,55.38122439
1900,47,55.02997573
1901,20,24.60574528
1902,72,81.48083293
1903,50,23.12782627
1904,82,11.37171673
1905,86,17.90527498
1906,22,2.153927089
1907,84,28.45967469
1908,37,71.80743969
1909,92,18.54902088
1910,90,82.12216524
1911,38,53.36419146
1912,89,23.91918201
1913,66,24.83339025
1914,61,12.66901342
1915,36,62.54061458
1916,35,21.17617568
1917,91,25.69367506
1918,42,54.68904209
1919,91,25.20596531
1920,81,23.84200045
1921,66,90.30351058
1922,48,71.67031931
1923,81,89.10569499
1924,91,82.93668457
1925,88,94.5666196
1926,87,24.20752166
1927,73,77.06684575
1928,24,27.31563431
1929,38,68.21219196
1930,44,58.97570393
1931,93,34.52534347
1932,90,16.8084334
1933,90,36.48722254
1934,78,85.96717788
1935,89,16.40282739
1936,49,65.68577625
1937,33,78.69414314
1938,98,18.87807874
1939,18,20.56612672
1940,19,22.82202174
1941,54,24.68838992
1942,32,55.41808721
1943,44,62.13471409
1944,44,59.23712511
1945,15,32.27047531
1946,70,84.42745687
1947,25,28.95253156
1948,22,26.17261727
1949,62,27.33925473
1950,82,20.7605536
1951,96,33.51681672
1952,80,18.49393615
1953,79,95.31956184
1954,85,85.02332814
1955,60,25.83203103
1956,23,16.86972534
1957,96,13.92780068
1958,74,12.61843248
1959,69,24.62344484
1960,89,78.55998701
1961,93,18.87581306
1962,22,31.01842297
1963,73,76.19407278
1964,56,13.99938143
1965,45,68.23914113
1966,18,20.65862751
1967,42,14.09225744
1968,99,20.78608706
1969,74,25.68101248
1970,94,28.73113825
1971,23,18.55810069
1972,64,23.03521592
1973,69,19.80651081
1974,71,86.76715643
1975,30,31.17628115
1976,85,20.6864146
1977,88,76.52592078
1978,95,82.08069404
1979,48,54.64174935
1980,21,43.0934026
1981,47,9.70209848
1982,71,14.03374587
1983,41,65.84230766
1984,56,22.78858311
1985,59,10.26965258
1986,92,20.75650297
1987,89,86.92926489
1988,76,90.89260972
1989,27,18.31813688
1990,20,8.324476358
1991,62,24.97443567
1992,17,32.62765744
1993,81,83.33295453
1994,80,77.95906407
1995,30,66.7360007
1996,26,32.32479277
1997,108,21.45373803
1998,84,82.84873594
1999,71,82.29936911
2000,32,70.23057277
2001,57,14.58926528
2002,11,72.30182596
2003,86,94.29743873
2004,92,10.58168839
2005,25,24.47768816
2006,78,93.63363596
2007,26,35.9070513
2008,48,56.56472964
2009,32,54.75835455
2010,34,34.01784887
2011,82,16.52002683
2012,78,85.34771063
2013,77,33.4815454
2014,85,22.51329215
2015,29,27.62240843
2016,100,20.41619169
2017,83,75.13162713
2018,87,15.57959974
2019,72,15.78815938
2020,79,24.44154261
2021,86,17.6965121
2022,35,64.69789386
2023,24,42.85559013
2024,77,83.59275661
2025,37,59.36323257
2026,90,24.69923188
2027,82,30.69737646
2028,77,83.6655449
2029,16,19.51991685
2030,21,16.11485057
2031,17,19.05161978
2032,33,66.98780452
2033,69,86.49139632
2034,72,94.34032412
2035,16,22.65780812
2036,92,11.91229182
2037,89,18.57936553
2038,88,18.69494872
2039,90,14.93222642
2040,36,78.0896343
2041,74,70.44338179
2042,89,13.35039305
2043,32,22.9930394
2044,22,27.77541916
2045,28,37.7213618
2046,72,71.31480203
2047,74,93.06027893
2048,78,20.25642326
2049,29,74.99604002
2050,32,25.65663431
2051,39,61.7921806
2052,51,20.35299571
2053,76,88.96329074
2054,97,16.14572787
2055,55,23.57023538
2056,83,33.50910493
2057,43,60.81734405
2058,88,23.18189464
2059,102,14.75511544
2060,37,60.14905988
2061,96,18.69552552
2062,18,27.90176873
2063,89,78.81889548
2064,89,8.150521027
2065,61,31.72553559
2066,59,30.25561237
2067,74,70.10004794
2068,87,26.40982047
2069,58,18.14904832
2070,68,100.8261514
2071,93,9.261516665
2072,25,60.7393571
2073,22,20.64048642
2074,91,20.73313102
2075,85,20.58885519
2076,91,17.1940526
2077,43,70.71043376
2078,62,18.96665589
2079,36,37.89691981
2080,39,66.54242506
2081,33,63.20917762
2082,82,84.19963806
2083,81,88.92313994
2084,97,8.322995506
2085,46,63.06578855
2086,86,90.36406364
2087,14,14.89961871
2088,90,27.90743731
2089,93,23.06971247
2090,25,22.15639328
2091,82,86.04840435
2092,84,89.90397389
2093,25,27.26853923
2094,84,14.91252622
2095,92,17.17211595
2096,66,13.41522038
2097,53,29.42914738
2098,90,8.87381335
2099,87,10.12118908
2100,15,21.53811546
2101,74,80.62792454
2102,62,18.91044157
2103,55,16.63651245
2104,94,17.44344192
2105,73,17.05135104
2106,28,24.12827725
2107,47,65.18594494
2108,67,21.23482857
2109,87,82.80655282
2110,59,21.79275201
2111,83,18.98142618
2112,39,64.51453712
2113,80,10.97833757
2114,95,12.69374424
2115,83,92.55027943
2116,57,19.93842588
2117,99,18.17147152
2118,76,30.57464104
2119,39,60.85203567
2120,24,35.2569793
2121,95,25.53955272
2122,19,23.87774095
2123,45,58.4323863
2124,78,20.02416662
2125,79,18.68882471
2126,88,85.74301272
2127,38,77.47279218
2128,22,62.62893818
2129,76,87.10058875
2130,93,85.8103493
2131,84,77.67344019
2132,66,21.78650144
2133,89,88.14229008
2134,19,21.01295569
2135,31,33.558264
2136,18,23.66058181
2137,9,20.95409025
2138,20,26.31864215
2139,24,27.84363802
2140,79,76.85981918
2141,66,89.50205241
2142,79,82.87612435
2143,89,74.92850036
2144,87,16.27543843
2145,95,24.44111818
2146,77,30.94036062
2147,13,29.57784534
2148,26,22.60503687
2149,90,93.70463608
2150,77,86.21343016
2151,87,88.57509443
2152,46,67.80875215
2153,82,21.30972183
2154,74,80.98767143
2155,88,73.22009055
2156,93,19.2920562
2157,94,23.29641742
2158,92,71.48192419
2159,12,27.90460357
2160,87,25.53141135
2161,96,34.70660609
2162,70,23.13798508
2163,60,22.24233092
2164,111,21.67143742
2165,92,28.19254157
2166,67,87.19212053
2167,64,66.71901657
2168,29,23.43775933
2169,48,76.96553126
2170,65,27.98986619
2171,78,81.9080209
2172,69,80.23866754
2173,72,81.51304297
2174,33,63.79785335
2175,87,76.66800832
2176,20,27.02428266
2177,29,67.75838008
2178,41,70.91472
2179,47,67.67865246
2180,57,5.010203933
2181,55,11.37834453
2182,85,27.2897772
2183,85,72.81218933
2184,24,12.54475141
2185,88,14.15993396
2186,16,32.90838795
2187,76,79.42635639
2188,50,64.79641302
2189,81,88.10804408
2190,98,25.544784
2191,24,25.14459538
2192,91,32.1068716
2193,11,21.41519497
2194,80,84.87446284
2195,22,22.73272937
2196,78,18.41595512
2197,43,68.62603795
2198,26,27.8362189
2199,33,26.29378312
2200,27,36.03491467
2201,56,68.29662655
2202,84,9.147947489
2203,18,14.00181754
2204,27,14.664374
2205,22,19.28880841
2206,28,11.27694692
2207,32,23.86482094
2208,34,58.97811941
2209,27,26.42733668
2210,89,26.11603977
2211,79,86.78049137
2212,46,70.88416501
2213,63,16.19574154
2214,15,34.5705651
2215,74,91.62547632
2216,66,72.69549096
2217,27,63.43550508
2218,18,25.38959047
2219,82,76.16037528
2220,65,19.50883719
2221,58,16.17477845
2222,90,15.65793236
2223,30,34.76384672
2224,33,29.91447798
2225,25,31.50457472
2226,100,21.18825385
2227,90,20.31904306
2228,48,66.29618507
2229,64,12.13872195
2230,28,25.66316565
2231,33,20.26468009
2232,91,33.75076521
2233,74,81.15390938
2234,17,28.24830965
2235,30,30.21061858
2236,30,32.72079122
2237,84,85.40921039
2238,40,53.73012227
2239,23,25.70644225
2240,30,64.79226156
2241,85,8.599705361
2242,40,66.79717936
2243,97,27.78083598
2244,56,16.48642966
2245,62,20.33016707
2246,94,26.54954786
2247,19,32.07445544
2248,82,86.4001057
2249,56,20.6446398
2250,30,65.17408703
2251,26,35.41858987
2252,23,18.94263634
2253,47,69.26458125
2254,108,32.7197715
2255,30,16.08291284
2256,63,12.73860452
2257,75,89.58293413
2258,79,73.56323595
2259,24,26.65380742
2260,37,65.78566283
2261,87,18.46994096
2262,87,11.14785795
2263,47,69.92202996
2264,98,19.04699628
2265,93,26.93325516
2266,75,88.18667115
2267,30,72.04710795
2268,33,78.30542253
2269,79,88.95760358
2270,75,86.39780366
2271,20,21.09108016
2272,50,61.90043896
2273,97,27.13125273
2274,87,11.80836544
2275,14,15.92092754
2276,81,22.6269944
2277,82,27.60479116
2278,21,23.37451397
2279,93,10.85987128
2280,86,16.59996926
2281,72,81.76522572
2282,91,85.80468502
2283,78,33.27441041
2284,85,29.07377917
2285,58,19.35158538
2286,69,81.31335721
2287,17,21.9246273
2288,78,97.83616741
2289,67,104.759521
2290,83,29.25608027
2291,75,96.50496756
2292,85,79.67552319
2293,54,72.89899924
2294,34,61.00671756
2295,55,75.47636816
2296,96,17.76257623
2297,18,21.81761784
2298,93,18.50539959
2299,75,79.39103746
2300,100,13.389147
2301,91,37.14200886
2302,103,23.110057
2303,36,78.71581572
2304,76,86.27948651
2305,91,21.7509356
2306,41,53.99563001
2307,84,93.02954541
2308,91,20.75119556
2309,78,95.6517161
2310,110,17.55667757
2311,70,89.42694256
2312,70,92.99704311
2313,32,24.73678617
2314,18,22.55747898
2315,29,21.54460159
2316,80,12.69968024
2317,98,25.39172874
2318,55,13.82878757
2319,79,79.19875313
2320,34,18.38185886
2321,39,69.88407506
2322,71,92.51440528
2323,64,24.41168697
2324,85,80.34793313
2325,44,54.19255926
2326,21,26.36003822
2327,48,55.06379473
2328,91,92.34047576
2329,84,30.90526812
2330,77,23.22784164
2331,82,73.9507459
2332,93,15.01218786
2333,91,12.64655566
2334,70,89.69016572
2335,42,76.29175212
2336,21,8.489190359
2337,79,82.73175132
2338,14,19.87420175
2339,63,24.10610429
2340,106,23.51228681
2341,29,12.98456758
2342,89,15.43924057
2343,65,88.99801138
2344,27,23.85419182
2345,62,80.74147534
2346,83,79.15336445
2347,40,61.52573109
2348,77,85.77948329
2349,95,19.76066693
2350,32,58.50774769
2351,85,89.14735009
2352,26,37.53207275
2353,72,89.48454405
2354,86,19.37505286
2355,83,83.23146846
2356,40,72.08645001
2357,89,19.60146245
2358,21,29.83791455
2359,104,23.58356422
2360,95,29.80387884
2361,64,83.38702731
2362,70,93.28447916
2363,90,17.95792924
2364,94,22.55018449
2365,92,13.42601111
2366,79,90.97420543
2367,64,25.3695417
2368,76,22.86948603
2369,27,28.90030461
2370,12,28.47086692
2371,94,18.93165937
2372,34,24.24038885
2373,96,17.90814294
2374,88,12.23189205
2375,79,87.13513376
2376,84,89.81339796
2377,93,32.86123707
2378,45,59.26698478
2379,97,11.11334417
2380,74,82.87280911
2381,94,33.65704456
2382,17,13.41421677
2383,68,78.47600893
2384,42,15.4062917
2385,56,6.918591826
2386,100,12.76170044
2387,17,31.15185878
2388,91,23.55116196
2389,83,22.407496
2390,96,15.57726653
2391,35,30.8935287
2392,76,83.94637402
2393,88,90.34840237
2394,82,78.9532322
2395,98,10.84912132
2396,31,62.17051658
2397,83,82.00624831
2398,65,16.8400431
2399,50,15.60259981
2400,80,19.53878927
2401,76,12.02425296
2402,23,28.34044938
2403,83,14.86698833
2404,27,40.15782671
2405,81,21.54347603
2406,85,10.02354191
2407,23,33.52668522
2408,90,26.65148515
2409,87,94.23457065
2410,77,79.96931113
2411,22,26.17527891
2412,87,25.33838951
2413,53,24.11246098
2414,20,33.43314388
2415,35,61.64846701
2416,17,21.72438747
2417,64,12.5953498
2418,75,80.95660424
2419,17,30.11195889
2420,28,32.85979117
2421,72,95.76344418
2422,32,21.05769555
2423,88,13.71667805
2424,85,86.17131293
2425,19,22.30335129
2426,31,68.78975459
2427,80,13.97112197
2428,30,16.7282034
2429,82,96.61983445
2430,39,70.93146127
2431,74,94.58238839
2432,69,93.53948692
2433,29,57.97992876
2434,90,24.04370956
2435,76,88.95137832
2436,27,16.75449407
2437,27,34.94789423
2438,89,13.67288295
2439,27,29.56632876
2440,87,36.90712774
2441,78,68.50559466
2442,72,18.58373915
2443,40,53.78441844
2444,75,24.97671182
2445,104,19.45820931
2446,88,93.27210552
2447,84,15.88934609
2448,82,8.031667914
2449,30,12.53801282
2450,82,14.56766511
2451,31,19.43376235
2452,87,10.632883
2453,97,25.77748159
2454,25,76.78223532
2455,82,76.4190769
2456,40,52.51570062
2457,28,65.30142887
2458,31,29.36668444
2459,106,24.96555717
2460,19,24.1189409
2461,90,13.83849112
2462,90,24.0759008
2463,83,21.01590997
2464,61,21.19219006
2465,65,19.021702
2466,94,23.62506389
2467,70,80.16871289
2468,40,22.69925668
2469,10,26.41583948
2470,96,36.5847825
2471,70,82.63071673
2472,53,54.07876663
2473,87,17.47794606
2474,30,22.13493283
2475,38,54.43111414
2476,39,49.65205148
2477,79,87.96577723
2478,80,16.19820039
2479,99,20.96402238
2480,79,92.89879052
2481,96,24.097039
2482,98,18.31380079
2483,27,32.11934855
2484,83,89.25974517
2485,57,14.6652023
2486,91,15.44084415
2487,95,12.30494561
2488,83,93.94606484
2489,36,64.62792006
2490,89,75.51399976
2491,91,86.61947438
2492,49,11.99193492
2493,79,87.41820792
2494,61,5.310882836
2495,73,96.32131689
2496,94,28.52291058
2497,95,25.22487991
2498,89,16.3008921
2499,39,67.78966664
2500,21,18.51966257
2501,77,81.84545235
2502,68,86.48565279
2503,61,26.60383399
2504,74,90.51523671
2505,77,18.98883162
2506,40,79.83779525
2507,29,31.91655004
2508,68,83.01413678
2509,55,61.32638952
2510,82,91.86702579
2511,24,26.45719704
2512,79,14.06182613
2513,50,73.81889222
2514,99,13.35525138
2515,79,25.84595398
2516,98,31.79247738
2517,87,36.15289631
2518,89,21.8758543
2519,23,18.15190586
2520,89,17.02860916
2521,40,55.90060752
2522,63,13.5329975
2523,97,76.15791833
2524,98,17.94833167
2525,32,17.5284052
2526,77,79.87324341
2527,95,20.11360089
2528,89,12.12009623
2529,80,11.21607248
2530,38,32.45795793
2531,61,31.60273623
2532,22,21.17280445
2533,35,55.01824039
2534,84,11.60278825
2535,39,14.89180704
2536,88,20.91898488
2537,82,35.31554112
2538,103,30.6174217
2539,16,30.85898576
2540,33,23.65056373
2541,82,17.02607196
2542,86,22.97829677
2543,79,13.00572328
2544,86,25.83205461
2545,94,20.00674945
2546,31,35.19961406
2547,60,24.57793823
2548,75,75.57784524
2549,40,49.63076065
2550,42,61.52221665
2551,22,12.87644359
2552,81,77.10416788
2553,81,69.14551038
2554,80,19.39551113
2555,27,34.7336895
2556,73,80.45984065
2557,83,77.86006242
2558,78,77.89194726
2559,38,23.39375008
2560,72,12.46141677
2561,35,60.17861526
2562,48,10.45581399
2563,26,22.22649125
2564,93,21.20829742
2565,59,17.96171325
2566,22,32.98438852
2567,64,37.17850303
2568,89,84.30071724
2569,66,24.1856141
2570,84,85.49388384
2571,26,21.98664298
2572,96,26.6852308
2573,27,31.22489619
2574,27,7.595542932
2575,39,53.56703638
2576,91,82.11671428
2577,16,39.57715889
2578,88,22.20103548
2579,83,96.94319281
2580,93,76.93364024
2581,76,79.9748254
2582,66,24.76568395
2583,36,9.475112312
2584,70,77.3591235
2585,83,16.1780365
2586,88,25.46697401
2587,90,33.9450975
2588,86,15.30132333
2589,85,93.95060939
2590,91,18.37742016
2591,78,86.40234561
2592,37,30.1337583
2593,76,74.54595733
2594,84,75.32306139
2595,25,25.74590843
2596,52,9.27506556
2597,100,84.99948736
2598,87,20.53080557
2599,34,76.38862194
