δ,i,n,t,d,o,u,b,l,e,f,a,s,r,g,c,p,w,h,(,),*,/,%,+,-,=,<,>,",",j,k,m,q,v,x,y,z,A,B,C,D,E,F,G,H,I,J,K,L,M,N,O,P,Q,R,S,T,U,V,W,X,Y,Z,_,0,1,2,3,4,5,6,7,8,9,.
S,ES,DM,DM,EA,DM,DM,DM,DM,EB,EC,DM,ED,EE,DM,DM,EF,EG,DM,CG,CH,EH,EI,EJ,EK,EL,HD,EM,EN,DL,DM,DM,DM,DM,DM,DM,DM,DM,DM,DM,DM,DM,DM,DM,DM,DM,DM,DM,DM,DM,DM,DM,DM,DM,DM,DM,DM,DM,DM,DM,DM,DM,DM,DM,HD,DN,DN,DN,DN,DN,DN,DN,DN,DN,DN,HD
A,HD,B,HD,HD,HD,HD,HD,HD,HD,HD,HD,HD,HD,HD,HD,HD,HD,HD,HD,HD,HD,HD,HD,HD,HD,HD,HD,HD,HD,HD,HD,HD,HD,HD,HD,HD,HD,HD,HD,HD,HD,HD,HD,HD,HD,HD,HD,HD,HD,HD,HD,HD,HD,HD,HD,HD,HD,HD,HD,HD,HD,HD,HD,HD,HD,HD,HD,HD,HD,HD,HD,HD,HD,HD,HD
B,HD,HD,C,HD,HD,HD,HD,HD,HD,HD,HD,HD,HD,HD,HD,HD,HD,HD,HD,HD,HD,HD,HD,HD,HD,HD,HD,HD,HD,HD,HD,HD,HD,HD,HD,HD,HD,HD,HD,HD,HD,HD,HD,HD,HD,HD,HD,HD,HD,HD,HD,HD,HD,HD,HD,HD,HD,HD,HD,HD,HD,HD,HD,HD,HD,HD,HD,HD,HD,HD,HD,HD,HD,HD,HD
*C,HD,HD,HD,HD,HD,HD,HD,HD,HD,HD,HD,HD,HD,HD,HD,HD,HD,HD,HD,HD,HD,HD,HD,HD,HD,HD,HD,HD,HD,HD,HD,HD,HD,HD,HD,HD,HD,HD,HD,HD,HD,HD,HD,HD,HD,HD,HD,HD,HD,HD,HD,HD,HD,HD,HD,HD,HD,HD,HD,HD,HD,HD,HD,HD,HD,HD,HD,HD,HD,HD,HD,HD,HD,HD,HD
D,HD,HD,HD,HD,E,HD,HD,HD,HD,HD,HD,HD,HD,HD,HD,HD,HD,HD,HD,HD,HD,HD,HD,HD,HD,HD,HD,HD,HD,HD,HD,HD,HD,HD,HD,HD,HD,HD,HD,HD,HD,HD,HD,HD,HD,HD,HD,HD,HD,HD,HD,HD,HD,HD,HD,HD,HD,HD,HD,HD,HD,HD,HD,HD,HD,HD,HD,HD,HD,HD,HD,HD,HD,HD,HD
E,HD,HD,HD,HD,HD,F,HD,HD,HD,HD,HD,HD,HD,HD,HD,HD,HD,HD,HD,HD,HD,HD,HD,HD,HD,HD,HD,HD,HD,HD,HD,HD,HD,HD,HD,HD,HD,HD,HD,HD,HD,HD,HD,HD,HD,HD,HD,HD,HD,HD,HD,HD,HD,HD,HD,HD,HD,HD,HD,HD,HD,HD,HD,HD,HD,HD,HD,HD,HD,HD,HD,HD,HD,HD,HD
F,HD,HD,HD,HD,HD,HD,G,HD,HD,HD,HD,HD,HD,HD,HD,HD,HD,HD,HD,HD,HD,HD,HD,HD,HD,HD,HD,HD,HD,HD,HD,HD,HD,HD,HD,HD,HD,HD,HD,HD,HD,HD,HD,HD,HD,HD,HD,HD,HD,HD,HD,HD,HD,HD,HD,HD,HD,HD,HD,HD,HD,HD,HD,HD,HD,HD,HD,HD,HD,HD,HD,HD,HD,HD,HD
G,HD,HD,HD,HD,HD,HD,HD,H,HD,HD,HD,HD,HD,HD,HD,HD,HD,HD,HD,HD,HD,HD,HD,HD,HD,HD,HD,HD,HD,HD,HD,HD,HD,HD,HD,HD,HD,HD,HD,HD,HD,HD,HD,HD,HD,HD,HD,HD,HD,HD,HD,HD,HD,HD,HD,HD,HD,HD,HD,HD,HD,HD,HD,HD,HD,HD,HD,HD,HD,HD,HD,HD,HD,HD,HD
H,HD,HD,HD,HD,HD,HD,HD,HD,I,HD,HD,HD,HD,HD,HD,HD,HD,HD,HD,HD,HD,HD,HD,HD,HD,HD,HD,HD,HD,HD,HD,HD,HD,HD,HD,HD,HD,HD,HD,HD,HD,HD,HD,HD,HD,HD,HD,HD,HD,HD,HD,HD,HD,HD,HD,HD,HD,HD,HD,HD,HD,HD,HD,HD,HD,HD,HD,HD,HD,HD,HD,HD,HD,HD,HD
*I,HD,HD,HD,HD,HD,HD,HD,HD,HD,HD,HD,HD,HD,HD,HD,HD,HD,HD,HD,HD,HD,HD,HD,HD,HD,HD,HD,HD,HD,HD,HD,HD,HD,HD,HD,HD,HD,HD,HD,HD,HD,HD,HD,HD,HD,HD,HD,HD,HD,HD,HD,HD,HD,HD,HD,HD,HD,HD,HD,HD,HD,HD,HD,HD,HD,HD,HD,HD,HD,HD,HD,HD,HD,HD,HD
J,HD,HD,HD,HD,HD,HD,HD,K,HD,HD,HD,HD,HD,HD,HD,HD,HD,HD,HD,HD,HD,HD,HD,HD,HD,HD,HD,HD,HD,HD,HD,HD,HD,HD,HD,HD,HD,HD,HD,HD,HD,HD,HD,HD,HD,HD,HD,HD,HD,HD,HD,HD,HD,HD,HD,HD,HD,HD,HD,HD,HD,HD,HD,HD,HD,HD,HD,HD,HD,HD,HD,HD,HD,HD,HD
K,HD,HD,HD,HD,L,HD,HD,HD,HD,HD,HD,HD,HD,HD,HD,HD,HD,HD,HD,HD,HD,HD,HD,HD,HD,HD,HD,HD,HD,HD,HD,HD,HD,HD,HD,HD,HD,HD,HD,HD,HD,HD,HD,HD,HD,HD,HD,HD,HD,HD,HD,HD,HD,HD,HD,HD,HD,HD,HD,HD,HD,HD,HD,HD,HD,HD,HD,HD,HD,HD,HD,HD,HD,HD,HD
L,HD,HD,HD,HD,HD,HD,HD,HD,HD,HD,M,HD,HD,HD,HD,HD,HD,HD,HD,HD,HD,HD,HD,HD,HD,HD,HD,HD,HD,HD,HD,HD,HD,HD,HD,HD,HD,HD,HD,HD,HD,HD,HD,HD,HD,HD,HD,HD,HD,HD,HD,HD,HD,HD,HD,HD,HD,HD,HD,HD,HD,HD,HD,HD,HD,HD,HD,HD,HD,HD,HD,HD,HD,HD,HD
M,HD,HD,N,HD,HD,HD,HD,HD,HD,HD,HD,HD,HD,HD,HD,HD,HD,HD,HD,HD,HD,HD,HD,HD,HD,HD,HD,HD,HD,HD,HD,HD,HD,HD,HD,HD,HD,HD,HD,HD,HD,HD,HD,HD,HD,HD,HD,HD,HD,HD,HD,HD,HD,HD,HD,HD,HD,HD,HD,HD,HD,HD,HD,HD,HD,HD,HD,HD,HD,HD,HD,HD,HD,HD,HD
*N,HD,HD,HD,HD,HD,HD,HD,HD,HD,HD,HD,HD,HD,HD,HD,HD,HD,HD,HD,HD,HD,HD,HD,HD,HD,HD,HD,HD,HD,HD,HD,HD,HD,HD,HD,HD,HD,HD,HD,HD,HD,HD,HD,HD,HD,HD,HD,HD,HD,HD,HD,HD,HD,HD,HD,HD,HD,HD,HD,HD,HD,HD,HD,HD,HD,HD,HD,HD,HD,HD,HD,HD,HD,HD,HD
O,HD,HD,P,HD,HD,HD,HD,HD,HD,HD,HD,HD,HD,HD,HD,HD,HD,HD,HD,HD,HD,HD,HD,HD,HD,HD,HD,HD,HD,HD,HD,HD,HD,HD,HD,HD,HD,HD,HD,HD,HD,HD,HD,HD,HD,HD,HD,HD,HD,HD,HD,HD,HD,HD,HD,HD,HD,HD,HD,HD,HD,HD,HD,HD,HD,HD,HD,HD,HD,HD,HD,HD,HD,HD,HD
P,HD,HD,HD,HD,HD,HD,HD,HD,HD,HD,HD,HD,Q,HD,HD,HD,HD,HD,HD,HD,HD,HD,HD,HD,HD,HD,HD,HD,HD,HD,HD,HD,HD,HD,HD,HD,HD,HD,HD,HD,HD,HD,HD,HD,HD,HD,HD,HD,HD,HD,HD,HD,HD,HD,HD,HD,HD,HD,HD,HD,HD,HD,HD,HD,HD,HD,HD,HD,HD,HD,HD,HD,HD,HD,HD
Q,R,HD,HD,HD,HD,HD,HD,HD,HD,HD,HD,HD,HD,HD,HD,HD,HD,HD,HD,HD,HD,HD,HD,HD,HD,HD,HD,HD,HD,HD,HD,HD,HD,HD,HD,HD,HD,HD,HD,HD,HD,HD,HD,HD,HD,HD,HD,HD,HD,HD,HD,HD,HD,HD,HD,HD,HD,HD,HD,HD,HD,HD,HD,HD,HD,HD,HD,HD,HD,HD,HD,HD,HD,HD,HD
R,HD,T,HD,HD,HD,HD,HD,HD,HD,HD,HD,HD,HD,HD,HD,HD,HD,HD,HD,HD,HD,HD,HD,HD,HD,HD,HD,HD,HD,HD,HD,HD,HD,HD,HD,HD,HD,HD,HD,HD,HD,HD,HD,HD,HD,HD,HD,HD,HD,HD,HD,HD,HD,HD,HD,HD,HD,HD,HD,HD,HD,HD,HD,HD,HD,HD,HD,HD,HD,HD,HD,HD,HD,HD,HD
T,HD,HD,HD,HD,HD,HD,HD,HD,HD,HD,HD,HD,HD,U,HD,HD,HD,HD,HD,HD,HD,HD,HD,HD,HD,HD,HD,HD,HD,HD,HD,HD,HD,HD,HD,HD,HD,HD,HD,HD,HD,HD,HD,HD,HD,HD,HD,HD,HD,HD,HD,HD,HD,HD,HD,HD,HD,HD,HD,HD,HD,HD,HD,HD,HD,HD,HD,HD,HD,HD,HD,HD,HD,HD,HD
*U,HD,HD,HD,HD,HD,HD,HD,HD,HD,HD,HD,HD,HD,HD,HD,HD,HD,HD,HD,HD,HD,HD,HD,HD,HD,HD,HD,HD,HD,HD,HD,HD,HD,HD,HD,HD,HD,HD,HD,HD,HD,HD,HD,HD,HD,HD,HD,HD,HD,HD,HD,HD,HD,HD,HD,HD,HD,HD,HD,HD,HD,HD,HD,HD,HD,HD,HD,HD,HD,HD,HD,HD,HD,HD,HD
V,HD,HD,HD,HD,HD,HD,HD,HD,HD,HD,HD,HD,HD,HD,W,HD,HD,HD,HD,HD,HD,HD,HD,HD,HD,HD,HD,HD,HD,HD,HD,HD,HD,HD,HD,HD,HD,HD,HD,HD,HD,HD,HD,HD,HD,HD,HD,HD,HD,HD,HD,HD,HD,HD,HD,HD,HD,HD,HD,HD,HD,HD,HD,HD,HD,HD,HD,HD,HD,HD,HD,HD,HD,HD,HD
W,HD,HD,HD,HD,HD,HD,HD,HD,HD,HD,X,HD,HD,HD,HD,HD,HD,HD,HD,HD,HD,HD,HD,HD,HD,HD,HD,HD,HD,HD,HD,HD,HD,HD,HD,HD,HD,HD,HD,HD,HD,HD,HD,HD,HD,HD,HD,HD,HD,HD,HD,HD,HD,HD,HD,HD,HD,HD,HD,HD,HD,HD,HD,HD,HD,HD,HD,HD,HD,HD,HD,HD,HD,HD,HD
X,HD,Y,HD,HD,HD,HD,HD,HD,HD,HD,HD,HD,HD,HD,HD,HD,HD,HD,HD,HD,HD,HD,HD,HD,HD,HD,HD,HD,HD,HD,HD,HD,HD,HD,HD,HD,HD,HD,HD,HD,HD,HD,HD,HD,HD,HD,HD,HD,HD,HD,HD,HD,HD,HD,HD,HD,HD,HD,HD,HD,HD,HD,HD,HD,HD,HD,HD,HD,HD,HD,HD,HD,HD,HD,HD
*Y,HD,HD,HD,HD,HD,HD,HD,HD,HD,HD,HD,HD,HD,HD,HD,HD,HD,HD,HD,HD,HD,HD,HD,HD,HD,HD,HD,HD,HD,HD,HD,HD,HD,HD,HD,HD,HD,HD,HD,HD,HD,HD,HD,HD,HD,HD,HD,HD,HD,HD,HD,HD,HD,HD,HD,HD,HD,HD,HD,HD,HD,HD,HD,HD,HD,HD,HD,HD,HD,HD,HD,HD,HD,HD,HD
Z,HD,HD,HD,HD,HD,HD,HD,HD,HD,HD,HD,HD,AS,HD,HD,HD,HD,HD,HD,HD,HD,HD,HD,HD,HD,HD,HD,HD,HD,HD,HD,HD,HD,HD,HD,HD,HD,HD,HD,HD,HD,HD,HD,HD,HD,HD,HD,HD,HD,HD,HD,HD,HD,HD,HD,HD,HD,HD,HD,HD,HD,HD,HD,HD,HD,HD,HD,HD,HD,HD,HD,HD,HD,HD,HD
AS,AA,HD,HD,HD,HD,HD,HD,HD,HD,HD,HD,HD,HD,HD,HD,HD,HD,HD,HD,HD,HD,HD,HD,HD,HD,HD,HD,HD,HD,HD,HD,HD,HD,HD,HD,HD,HD,HD,HD,HD,HD,HD,HD,HD,HD,HD,HD,HD,HD,HD,HD,HD,HD,HD,HD,HD,HD,HD,HD,HD,HD,HD,HD,HD,HD,HD,HD,HD,HD,HD,HD,HD,HD,HD,HD
AA,HD,AB,HD,HD,HD,HD,HD,HD,HD,HD,HD,HD,HD,HD,HD,HD,HD,HD,HD,HD,HD,HD,HD,HD,HD,HD,HD,HD,HD,HD,HD,HD,HD,HD,HD,HD,HD,HD,HD,HD,HD,HD,HD,HD,HD,HD,HD,HD,HD,HD,HD,HD,HD,HD,HD,HD,HD,HD,HD,HD,HD,HD,HD,HD,HD,HD,HD,HD,HD,HD,HD,HD,HD,HD,HD
AB,HD,HD,AC,HD,HD,HD,HD,HD,HD,HD,HD,HD,HD,HD,HD,HD,HD,HD,HD,HD,HD,HD,HD,HD,HD,HD,HD,HD,HD,HD,HD,HD,HD,HD,HD,HD,HD,HD,HD,HD,HD,HD,HD,HD,HD,HD,HD,HD,HD,HD,HD,HD,HD,HD,HD,HD,HD,HD,HD,HD,HD,HD,HD,HD,HD,HD,HD,HD,HD,HD,HD,HD,HD,HD,HD
*AC,HD,HD,HD,HD,HD,HD,HD,HD,HD,HD,HD,HD,HD,HD,HD,HD,HD,HD,HD,HD,HD,HD,HD,HD,HD,HD,HD,HD,HD,HD,HD,HD,HD,HD,HD,HD,HD,HD,HD,HD,HD,HD,HD,HD,HD,HD,HD,HD,HD,HD,HD,HD,HD,HD,HD,HD,HD,HD,HD,HD,HD,HD,HD,HD,HD,HD,HD,HD,HD,HD,HD,HD,HD,HD,HD
AD,HD,HD,HD,HD,HD,HD,HD,HD,HD,HD,HD,HD,AE,HD,HD,HD,HD,HD,HD,HD,HD,HD,HD,HD,HD,HD,HD,HD,HD,HD,HD,HD,HD,HD,HD,HD,HD,HD,HD,HD,HD,HD,HD,HD,HD,HD,HD,HD,HD,HD,HD,HD,HD,HD,HD,HD,HD,HD,HD,HD,HD,HD,HD,HD,HD,HD,HD,HD,HD,HD,HD,HD,HD,HD,HD
AE,AF,HD,HD,HD,HD,HD,HD,HD,HD,HD,HD,HD,HD,HD,HD,HD,HD,HD,HD,HD,HD,HD,HD,HD,HD,HD,HD,HD,HD,HD,HD,HD,HD,HD,HD,HD,HD,HD,HD,HD,HD,HD,HD,HD,HD,HD,HD,HD,HD,HD,HD,HD,HD,HD,HD,HD,HD,HD,HD,HD,HD,HD,HD,HD,HD,HD,HD,HD,HD,HD,HD,HD,HD,HD,HD
AF,HD,AG,HD,HD,HD,HD,HD,HD,HD,HD,HD,HD,HD,HD,HD,HD,HD,HD,HD,HD,HD,HD,HD,HD,HD,HD,HD,HD,HD,HD,HD,HD,HD,HD,HD,HD,HD,HD,HD,HD,HD,HD,HD,HD,HD,HD,HD,HD,HD,HD,HD,HD,HD,HD,HD,HD,HD,HD,HD,HD,HD,HD,HD,HD,HD,HD,HD,HD,HD,HD,HD,HD,HD,HD,HD
AG,HD,HD,AH,HD,HD,HD,HD,HD,HD,HD,HD,HD,HD,HD,HD,HD,HD,HD,HD,HD,HD,HD,HD,HD,HD,HD,HD,HD,HD,HD,HD,HD,HD,HD,HD,HD,HD,HD,HD,HD,HD,HD,HD,HD,HD,HD,HD,HD,HD,HD,HD,HD,HD,HD,HD,HD,HD,HD,HD,HD,HD,HD,HD,HD,HD,HD,HD,HD,HD,HD,HD,HD,HD,HD,HD
AH,HD,HD,HD,HD,HD,HD,HD,AI,HD,HD,HD,HD,HD,HD,HD,HD,HD,HD,HD,HD,HD,HD,HD,HD,HD,HD,HD,HD,HD,HD,HD,HD,HD,HD,HD,HD,HD,HD,HD,HD,HD,HD,HD,HD,HD,HD,HD,HD,HD,HD,HD,HD,HD,HD,HD,HD,HD,HD,HD,HD,HD,HD,HD,HD,HD,HD,HD,HD,HD,HD,HD,HD,HD,HD,HD
AI,HD,AJ,HD,HD,HD,HD,HD,HD,HD,HD,HD,HD,HD,HD,HD,HD,HD,HD,HD,HD,HD,HD,HD,HD,HD,HD,HD,HD,HD,HD,HD,HD,HD,HD,HD,HD,HD,HD,HD,HD,HD,HD,HD,HD,HD,HD,HD,HD,HD,HD,HD,HD,HD,HD,HD,HD,HD,HD,HD,HD,HD,HD,HD,HD,HD,HD,HD,HD,HD,HD,HD,HD,HD,HD,HD
*AJ,HD,HD,HD,HD,HD,HD,HD,HD,HD,HD,HD,HD,HD,HD,HD,HD,HD,HD,HD,HD,HD,HD,HD,HD,HD,HD,HD,HD,HD,HD,HD,HD,HD,HD,HD,HD,HD,HD,HD,HD,HD,HD,HD,HD,HD,HD,HD,HD,HD,HD,HD,HD,HD,HD,HD,HD,HD,HD,HD,HD,HD,HD,HD,HD,HD,HD,HD,HD,HD,HD,HD,HD,HD,HD,HD
AK,HD,HD,HD,HD,HD,HD,HD,HD,HD,AL,HD,HD,HD,HD,HD,HD,HD,HD,HD,HD,HD,HD,HD,HD,HD,HD,HD,HD,HD,HD,HD,HD,HD,HD,HD,HD,HD,HD,HD,HD,HD,HD,HD,HD,HD,HD,HD,HD,HD,HD,HD,HD,HD,HD,HD,HD,HD,HD,HD,HD,HD,HD,HD,HD,HD,HD,HD,HD,HD,HD,HD,HD,HD,HD,HD
*AL,HD,HD,HD,HD,HD,HD,HD,HD,HD,HD,HD,HD,HD,HD,HD,HD,HD,HD,HD,HD,HD,HD,HD,HD,HD,HD,HD,HD,HD,HD,HD,HD,HD,HD,HD,HD,HD,HD,HD,HD,HD,HD,HD,HD,HD,HD,HD,HD,HD,HD,HD,HD,HD,HD,HD,HD,HD,HD,HD,HD,HD,HD,HD,HD,HD,HD,HD,HD,HD,HD,HD,HD,HD,HD,HD
AM,HD,HD,HD,HD,HD,HD,HD,AN,HD,HD,HD,HD,HD,HD,HD,HD,HD,HD,HD,HD,HD,HD,HD,HD,HD,HD,HD,HD,HD,HD,HD,HD,HD,HD,HD,HD,HD,HD,HD,HD,HD,HD,HD,HD,HD,HD,HD,HD,HD,HD,HD,HD,HD,HD,HD,HD,HD,HD,HD,HD,HD,HD,HD,HD,HD,HD,HD,HD,HD,HD,HD,HD,HD,HD,HD
AN,HD,HD,HD,HD,HD,HD,HD,HD,HD,HD,HD,AO,HD,HD,HD,HD,HD,HD,HD,HD,HD,HD,HD,HD,HD,HD,HD,HD,HD,HD,HD,HD,HD,HD,HD,HD,HD,HD,HD,HD,HD,HD,HD,HD,HD,HD,HD,HD,HD,HD,HD,HD,HD,HD,HD,HD,HD,HD,HD,HD,HD,HD,HD,HD,HD,HD,HD,HD,HD,HD,HD,HD,HD,HD,HD
AO,HD,HD,HD,HD,HD,HD,HD,HD,AP,HD,HD,HD,HD,HD,HD,HD,HD,HD,HD,HD,HD,HD,HD,HD,HD,HD,HD,HD,HD,HD,HD,HD,HD,HD,HD,HD,HD,HD,HD,HD,HD,HD,HD,HD,HD,HD,HD,HD,HD,HD,HD,HD,HD,HD,HD,HD,HD,HD,HD,HD,HD,HD,HD,HD,HD,HD,HD,HD,HD,HD,HD,HD,HD,HD,HD
*AP,HD,HD,HD,HD,HD,HD,HD,HD,HD,HD,HD,HD,HD,HD,HD,HD,HD,HD,HD,HD,HD,HD,HD,HD,HD,HD,HD,HD,HD,HD,HD,HD,HD,HD,HD,HD,HD,HD,HD,HD,HD,HD,HD,HD,HD,HD,HD,HD,HD,HD,HD,HD,HD,HD,HD,HD,HD,HD,HD,HD,HD,HD,HD,HD,HD,HD,HD,HD,HD,HD,HD,HD,HD,HD,HD
AQ,HD,AR,HD,HD,HD,HD,HD,HD,HD,HD,HD,HD,HD,HD,HD,HD,HD,HD,HD,HD,HD,HD,HD,HD,HD,HD,HD,HD,HD,HD,HD,HD,HD,HD,HD,HD,HD,HD,HD,HD,HD,HD,HD,HD,HD,HD,HD,HD,HD,HD,HD,HD,HD,HD,HD,HD,HD,HD,HD,HD,HD,HD,HD,HD,HD,HD,HD,HD,HD,HD,HD,HD,HD,HD,HD
AR,HD,HD,HD,AT,HD,HD,HD,HD,HD,HD,HD,HD,HD,HD,HD,HD,HD,HD,HD,HD,HD,HD,HD,HD,HD,HD,HD,HD,HD,HD,HD,HD,HD,HD,HD,HD,HD,HD,HD,HD,HD,HD,HD,HD,HD,HD,HD,HD,HD,HD,HD,HD,HD,HD,HD,HD,HD,HD,HD,HD,HD,HD,HD,HD,HD,HD,HD,HD,HD,HD,HD,HD,HD,HD,HD
AT,AU,HD,HD,HD,HD,HD,HD,HD,HD,HD,HD,HD,HD,HD,HD,HD,HD,HD,HD,HD,HD,HD,HD,HD,HD,HD,HD,HD,HD,HD,HD,HD,HD,HD,HD,HD,HD,HD,HD,HD,HD,HD,HD,HD,HD,HD,HD,HD,HD,HD,HD,HD,HD,HD,HD,HD,HD,HD,HD,HD,HD,HD,HD,HD,HD,HD,HD,HD,HD,HD,HD,HD,HD,HD,HD
AU,HD,HD,HD,HD,HD,HD,HD,HD,HD,AV,HD,HD,HD,HD,HD,HD,HD,HD,HD,HD,HD,HD,HD,HD,HD,HD,HD,HD,HD,HD,HD,HD,HD,HD,HD,HD,HD,HD,HD,HD,HD,HD,HD,HD,HD,HD,HD,HD,HD,HD,HD,HD,HD,HD,HD,HD,HD,HD,HD,HD,HD,HD,HD,HD,HD,HD,HD,HD,HD,HD,HD,HD,HD,HD,HD
*AV,HD,HD,HD,HD,HD,HD,HD,HD,HD,HD,HD,HD,HD,HD,HD,HD,HD,HD,HD,HD,HD,HD,HD,HD,HD,HD,HD,HD,HD,HD,HD,HD,HD,HD,HD,HD,HD,HD,HD,HD,HD,HD,HD,HD,HD,HD,HD,HD,HD,HD,HD,HD,HD,HD,HD,HD,HD,HD,HD,HD,HD,HD,HD,HD,HD,HD,HD,HD,HD,HD,HD,HD,HD,HD,HD
AW,HD,HD,HD,HD,HD,HD,HD,HD,HD,HD,HD,HD,HD,HD,HD,HD,HD,AX,HD,HD,HD,HD,HD,HD,HD,HD,HD,HD,HD,HD,HD,HD,HD,HD,HD,HD,HD,HD,HD,HD,HD,HD,HD,HD,HD,HD,HD,HD,HD,HD,HD,HD,HD,HD,HD,HD,HD,HD,HD,HD,HD,HD,HD,HD,HD,HD,HD,HD,HD,HD,HD,HD,HD,HD,HD
AX,AY,HD,HD,HD,HD,HD,HD,HD,HD,HD,HD,HD,HD,HD,HD,HD,HD,HD,HD,HD,HD,HD,HD,HD,HD,HD,HD,HD,HD,HD,HD,HD,HD,HD,HD,HD,HD,HD,HD,HD,HD,HD,HD,HD,HD,HD,HD,HD,HD,HD,HD,HD,HD,HD,HD,HD,HD,HD,HD,HD,HD,HD,HD,HD,HD,HD,HD,HD,HD,HD,HD,HD,HD,HD,HD
AY,HD,HD,HD,HD,HD,HD,HD,AZ,HD,HD,HD,HD,HD,HD,HD,HD,HD,HD,HD,HD,HD,HD,HD,HD,HD,HD,HD,HD,HD,HD,HD,HD,HD,HD,HD,HD,HD,HD,HD,HD,HD,HD,HD,HD,HD,HD,HD,HD,HD,HD,HD,HD,HD,HD,HD,HD,HD,HD,HD,HD,HD,HD,HD,HD,HD,HD,HD,HD,HD,HD,HD,HD,HD,HD,HD
AZ,HD,HD,HD,HD,HD,HD,HD,HD,BS,HD,HD,HD,HD,HD,HD,HD,HD,HD,HD,HD,HD,HD,HD,HD,HD,HD,HD,HD,HD,HD,HD,HD,HD,HD,HD,HD,HD,HD,HD,HD,HD,HD,HD,HD,HD,HD,HD,HD,HD,HD,HD,HD,HD,HD,HD,HD,HD,HD,HD,HD,HD,HD,HD,HD,HD,HD,HD,HD,HD,HD,HD,HD,HD,HD,HD
*BS,HD,HD,HD,HD,HD,HD,HD,HD,HD,HD,HD,HD,HD,HD,HD,HD,HD,HD,HD,HD,HD,HD,HD,HD,HD,HD,HD,HD,HD,HD,HD,HD,HD,HD,HD,HD,HD,HD,HD,HD,HD,HD,HD,HD,HD,HD,HD,HD,HD,HD,HD,HD,HD,HD,HD,HD,HD,HD,HD,HD,HD,HD,HD,HD,HD,HD,HD,HD,HD,HD,HD,HD,HD,HD,HD
BA,HD,BB,HD,HD,HD,HD,HD,HD,HD,HD,HD,HD,HD,HD,HD,HD,HD,HD,HD,HD,HD,HD,HD,HD,HD,HD,HD,HD,HD,HD,HD,HD,HD,HD,HD,HD,HD,HD,HD,HD,HD,HD,HD,HD,HD,HD,HD,HD,HD,HD,HD,HD,HD,HD,HD,HD,HD,HD,HD,HD,HD,HD,HD,HD,HD,HD,HD,HD,HD,HD,HD,HD,HD,HD,HD
BB,HD,HD,HD,BC,HD,HD,HD,HD,HD,HD,HD,HD,HD,HD,HD,HD,HD,HD,HD,HD,HD,HD,HD,HD,HD,HD,HD,HD,HD,HD,HD,HD,HD,HD,HD,HD,HD,HD,HD,HD,HD,HD,HD,HD,HD,HD,HD,HD,HD,HD,HD,HD,HD,HD,HD,HD,HD,HD,HD,HD,HD,HD,HD,HD,HD,HD,HD,HD,HD,HD,HD,HD,HD,HD,HD
BC,HD,HD,HD,HD,HD,HD,HD,HD,HD,HD,HD,HD,HD,HD,HD,HD,BD,HD,HD,HD,HD,HD,HD,HD,HD,HD,HD,HD,HD,HD,HD,HD,HD,HD,HD,HD,HD,HD,HD,HD,HD,HD,HD,HD,HD,HD,HD,HD,HD,HD,HD,HD,HD,HD,HD,HD,HD,HD,HD,HD,HD,HD,HD,HD,HD,HD,HD,HD,HD,HD,HD,HD,HD,HD,HD
BD,HD,HD,HD,HD,HD,HD,HD,HD,HD,HD,HD,HD,HD,HD,HD,HD,HD,BE,HD,HD,HD,HD,HD,HD,HD,HD,HD,HD,HD,HD,HD,HD,HD,HD,HD,HD,HD,HD,HD,HD,HD,HD,HD,HD,HD,HD,HD,HD,HD,HD,HD,HD,HD,HD,HD,HD,HD,HD,HD,HD,HD,HD,HD,HD,HD,HD,HD,HD,HD,HD,HD,HD,HD,HD,HD
BE,BF,HD,HD,HD,HD,HD,HD,HD,HD,HD,HD,HD,HD,HD,HD,HD,HD,HD,HD,HD,HD,HD,HD,HD,HD,HD,HD,HD,HD,HD,HD,HD,HD,HD,HD,HD,HD,HD,HD,HD,HD,HD,HD,HD,HD,HD,HD,HD,HD,HD,HD,HD,HD,HD,HD,HD,HD,HD,HD,HD,HD,HD,HD,HD,HD,HD,HD,HD,HD,HD,HD,HD,HD,HD,HD
BF,HD,HD,HD,HD,HD,HD,HD,BG,HD,HD,HD,HD,HD,HD,HD,HD,HD,HD,HD,HD,HD,HD,HD,HD,HD,HD,HD,HD,HD,HD,HD,HD,HD,HD,HD,HD,HD,HD,HD,HD,HD,HD,HD,HD,HD,HD,HD,HD,HD,HD,HD,HD,HD,HD,HD,HD,HD,HD,HD,HD,HD,HD,HD,HD,HD,HD,HD,HD,HD,HD,HD,HD,HD,HD,HD
BG,HD,HD,HD,HD,HD,HD,HD,HD,BH,HD,HD,HD,HD,HD,HD,HD,HD,HD,HD,HD,HD,HD,HD,HD,HD,HD,HD,HD,HD,HD,HD,HD,HD,HD,HD,HD,HD,HD,HD,HD,HD,HD,HD,HD,HD,HD,HD,HD,HD,HD,HD,HD,HD,HD,HD,HD,HD,HD,HD,HD,HD,HD,HD,HD,HD,HD,HD,HD,HD,HD,HD,HD,HD,HD,HD
*BH,HD,HD,HD,HD,HD,HD,HD,HD,HD,HD,HD,HD,HD,HD,HD,HD,HD,HD,HD,HD,HD,HD,HD,HD,HD,HD,HD,HD,HD,HD,HD,HD,HD,HD,HD,HD,HD,HD,HD,HD,HD,HD,HD,HD,HD,HD,HD,HD,HD,HD,HD,HD,HD,HD,HD,HD,HD,HD,HD,HD,HD,HD,HD,HD,HD,HD,HD,HD,HD,HD,HD,HD,HD,HD,HD
BI,HD,HD,HD,HD,BJ,HD,HD,HD,HD,HD,HD,HD,HD,HD,HD,HD,HD,HD,HD,HD,HD,HD,HD,HD,HD,HD,HD,HD,HD,HD,HD,HD,HD,HD,HD,HD,HD,HD,HD,HD,HD,HD,HD,HD,HD,HD,HD,HD,HD,HD,HD,HD,HD,HD,HD,HD,HD,HD,HD,HD,HD,HD,HD,HD,HD,HD,HD,HD,HD,HD,HD,HD,HD,HD,HD
BJ,HD,HD,HD,HD,HD,HD,HD,HD,HD,HD,HD,HD,BK,HD,HD,HD,HD,HD,HD,HD,HD,HD,HD,HD,HD,HD,HD,HD,HD,HD,HD,HD,HD,HD,HD,HD,HD,HD,HD,HD,HD,HD,HD,HD,HD,HD,HD,HD,HD,HD,HD,HD,HD,HD,HD,HD,HD,HD,HD,HD,HD,HD,HD,HD,HD,HD,HD,HD,HD,HD,HD,HD,HD,HD,HD
*BK,HD,HD,HD,HD,HD,HD,HD,HD,HD,HD,HD,HD,HD,HD,HD,HD,HD,HD,HD,HD,HD,HD,HD,HD,HD,HD,HD,HD,HD,HD,HD,HD,HD,HD,HD,HD,HD,HD,HD,HD,HD,HD,HD,HD,HD,HD,HD,HD,HD,HD,HD,HD,HD,HD,HD,HD,HD,HD,HD,HD,HD,HD,HD,HD,HD,HD,HD,HD,HD,HD,HD,HD,HD,HD,HD
BL,HD,BM,HD,HD,HD,HD,HD,HD,HD,HD,HD,HD,HD,HD,HD,HD,HD,HD,HD,HD,HD,HD,HD,HD,HD,HD,HD,HD,HD,HD,HD,HD,HD,HD,HD,HD,HD,HD,HD,HD,HD,HD,HD,HD,HD,HD,HD,HD,HD,HD,HD,HD,HD,HD,HD,HD,HD,HD,HD,HD,HD,HD,HD,HD,HD,HD,HD,HD,HD,HD,HD,HD,HD,HD,HD
BM,HD,HD,HD,BN,HD,HD,HD,HD,HD,HD,HD,HD,HD,HD,HD,HD,HD,HD,HD,HD,HD,HD,HD,HD,HD,HD,HD,HD,HD,HD,HD,HD,HD,HD,HD,HD,HD,HD,HD,HD,HD,HD,HD,HD,HD,HD,HD,HD,HD,HD,HD,HD,HD,HD,HD,HD,HD,HD,HD,HD,HD,HD,HD,HD,HD,HD,HD,HD,HD,HD,HD,HD,HD,HD,HD
BN,HD,HD,HD,HD,HD,HD,HD,HD,HD,BO,HD,HD,HD,HD,HD,HD,HD,HD,HD,HD,HD,HD,HD,HD,HD,HD,HD,HD,HD,HD,HD,HD,HD,HD,HD,HD,HD,HD,HD,HD,HD,HD,HD,HD,HD,HD,HD,HD,HD,HD,HD,HD,HD,HD,HD,HD,HD,HD,HD,HD,HD,HD,HD,HD,HD,HD,HD,HD,HD,HD,HD,HD,HD,HD,HD
BO,HD,HD,HD,HD,BP,HD,HD,HD,HD,HD,HD,HD,HD,HD,HD,HD,HD,HD,HD,HD,HD,HD,HD,HD,HD,HD,HD,HD,HD,HD,HD,HD,HD,HD,HD,HD,HD,HD,HD,HD,HD,HD,HD,HD,HD,HD,HD,HD,HD,HD,HD,HD,HD,HD,HD,HD,HD,HD,HD,HD,HD,HD,HD,HD,HD,HD,HD,HD,HD,HD,HD,HD,HD,HD,HD
BP,HD,HD,HD,HD,HD,HD,HD,HD,HD,HD,HD,HD,BQ,HD,HD,HD,HD,HD,HD,HD,HD,HD,HD,HD,HD,HD,HD,HD,HD,HD,HD,HD,HD,HD,HD,HD,HD,HD,HD,HD,HD,HD,HD,HD,HD,HD,HD,HD,HD,HD,HD,HD,HD,HD,HD,HD,HD,HD,HD,HD,HD,HD,HD,HD,HD,HD,HD,HD,HD,HD,HD,HD,HD,HD,HD
*BQ,HD,HD,HD,HD,HD,HD,HD,HD,HD,HD,HD,HD,HD,HD,HD,HD,HD,HD,HD,HD,HD,HD,HD,HD,HD,HD,HD,HD,HD,HD,HD,HD,HD,HD,HD,HD,HD,HD,HD,HD,HD,HD,HD,HD,HD,HD,HD,HD,HD,HD,HD,HD,HD,HD,HD,HD,HD,HD,HD,HD,HD,HD,HD,HD,HD,HD,HD,HD,HD,HD,HD,HD,HD,HD,HD
BR,HD,HD,HD,HD,HD,HD,HD,HD,BT,HD,HD,HD,HD,HD,HD,HD,HD,HD,HD,HD,HD,HD,HD,HD,HD,HD,HD,HD,HD,HD,HD,HD,HD,HD,HD,HD,HD,HD,HD,HD,HD,HD,HD,HD,HD,HD,HD,HD,HD,HD,HD,HD,HD,HD,HD,HD,HD,HD,HD,HD,HD,HD,HD,HD,HD,HD,HD,HD,HD,HD,HD,HD,HD,HD,HD
BT,HD,HD,HD,HD,HD,HD,HD,HD,HD,BU,HD,HD,HD,HD,HD,HD,HD,HD,HD,HD,HD,HD,HD,HD,HD,HD,HD,HD,HD,HD,HD,HD,HD,HD,HD,HD,HD,HD,HD,HD,HD,HD,HD,HD,HD,HD,HD,HD,HD,HD,HD,HD,HD,HD,HD,HD,HD,HD,HD,HD,HD,HD,HD,HD,HD,HD,HD,HD,HD,HD,HD,HD,HD,HD,HD
*BU,HD,HD,HD,HD,HD,HD,HD,HD,HD,HD,HD,HD,HD,HD,HD,HD,HD,HD,HD,HD,HD,HD,HD,HD,HD,HD,HD,HD,HD,HD,HD,HD,HD,HD,HD,HD,HD,HD,HD,HD,HD,HD,HD,HD,HD,HD,HD,HD,HD,HD,HD,HD,HD,HD,HD,HD,HD,HD,HD,HD,HD,HD,HD,HD,HD,HD,HD,HD,HD,HD,HD,HD,HD,HD,HD
BV,HD,BW,HD,HD,HD,HD,HD,HD,HD,HD,HD,HD,HD,HD,HD,HD,HD,HD,HD,HD,HD,HD,HD,HD,HD,HD,HD,HD,HD,HD,HD,HD,HD,HD,HD,HD,HD,HD,HD,HD,HD,HD,HD,HD,HD,HD,HD,HD,HD,HD,HD,HD,HD,HD,HD,HD,HD,HD,HD,HD,HD,HD,HD,HD,HD,HD,HD,HD,HD,HD,HD,HD,HD,HD,HD
BW,HD,HD,HD,BX,HD,HD,HD,HD,HD,HD,HD,HD,HD,HD,HD,HD,HD,HD,HD,HD,HD,HD,HD,HD,HD,HD,HD,HD,HD,HD,HD,HD,HD,HD,HD,HD,HD,HD,HD,HD,HD,HD,HD,HD,HD,HD,HD,HD,HD,HD,HD,HD,HD,HD,HD,HD,HD,HD,HD,HD,HD,HD,HD,HD,HD,HD,HD,HD,HD,HD,HD,HD,HD,HD,HD
BX,HD,HD,HD,BY,HD,HD,HD,HD,HD,HD,HD,HD,HD,HD,HD,HD,HD,HD,HD,HD,HD,HD,HD,HD,HD,HD,HD,HD,HD,HD,HD,HD,HD,HD,HD,HD,HD,HD,HD,HD,HD,HD,HD,HD,HD,HD,HD,HD,HD,HD,HD,HD,HD,HD,HD,HD,HD,HD,HD,HD,HD,HD,HD,HD,HD,HD,HD,HD,HD,HD,HD,HD,HD,HD,HD
BY,HD,HD,HD,HD,HD,HD,HD,HD,BZ,HD,HD,HD,HD,HD,HD,HD,HD,HD,HD,HD,HD,HD,HD,HD,HD,HD,HD,HD,HD,HD,HD,HD,HD,HD,HD,HD,HD,HD,HD,HD,HD,HD,HD,HD,HD,HD,HD,HD,HD,HD,HD,HD,HD,HD,HD,HD,HD,HD,HD,HD,HD,HD,HD,HD,HD,HD,HD,HD,HD,HD,HD,HD,HD,HD,HD
BZ,HD,HD,HD,HD,HD,HD,HD,HD,HD,CS,HD,HD,HD,HD,HD,HD,HD,HD,HD,HD,HD,HD,HD,HD,HD,HD,HD,HD,HD,HD,HD,HD,HD,HD,HD,HD,HD,HD,HD,HD,HD,HD,HD,HD,HD,HD,HD,HD,HD,HD,HD,HD,HD,HD,HD,HD,HD,HD,HD,HD,HD,HD,HD,HD,HD,HD,HD,HD,HD,HD,HD,HD,HD,HD,HD
*CS,HD,HD,HD,HD,HD,HD,HD,HD,HD,HD,HD,HD,HD,HD,HD,HD,HD,HD,HD,HD,HD,HD,HD,HD,HD,HD,HD,HD,HD,HD,HD,HD,HD,HD,HD,HD,HD,HD,HD,HD,HD,HD,HD,HD,HD,HD,HD,HD,HD,HD,HD,HD,HD,HD,HD,HD,HD,HD,HD,HD,HD,HD,HD,HD,HD,HD,HD,HD,HD,HD,HD,HD,HD,HD,HD
CA,HD,HD,HD,HD,HD,HD,HD,HD,CB,HD,HD,HD,HD,HD,HD,HD,HD,HD,HD,HD,HD,HD,HD,HD,HD,HD,HD,HD,HD,HD,HD,HD,HD,HD,HD,HD,HD,HD,HD,HD,HD,HD,HD,HD,HD,HD,HD,HD,HD,HD,HD,HD,HD,HD,HD,HD,HD,HD,HD,HD,HD,HD,HD,HD,HD,HD,HD,HD,HD,HD,HD,HD,HD,HD,HD
CB,HD,HD,CC,HD,HD,HD,HD,HD,HD,HD,HD,HD,HD,HD,HD,HD,HD,HD,HD,HD,HD,HD,HD,HD,HD,HD,HD,HD,HD,HD,HD,HD,HD,HD,HD,HD,HD,HD,HD,HD,HD,HD,HD,HD,HD,HD,HD,HD,HD,HD,HD,HD,HD,HD,HD,HD,HD,HD,HD,HD,HD,HD,HD,HD,HD,HD,HD,HD,HD,HD,HD,HD,HD,HD,HD
CC,HD,HD,HD,HD,HD,CD,HD,HD,HD,HD,HD,HD,HD,HD,HD,HD,HD,HD,HD,HD,HD,HD,HD,HD,HD,HD,HD,HD,HD,HD,HD,HD,HD,HD,HD,HD,HD,HD,HD,HD,HD,HD,HD,HD,HD,HD,HD,HD,HD,HD,HD,HD,HD,HD,HD,HD,HD,HD,HD,HD,HD,HD,HD,HD,HD,HD,HD,HD,HD,HD,HD,HD,HD,HD,HD
CD,HD,HD,HD,HD,HD,HD,HD,HD,HD,HD,HD,HD,CE,HD,HD,HD,HD,HD,HD,HD,HD,HD,HD,HD,HD,HD,HD,HD,HD,HD,HD,HD,HD,HD,HD,HD,HD,HD,HD,HD,HD,HD,HD,HD,HD,HD,HD,HD,HD,HD,HD,HD,HD,HD,HD,HD,HD,HD,HD,HD,HD,HD,HD,HD,HD,HD,HD,HD,HD,HD,HD,HD,HD,HD,HD
CE,HD,CF,HD,HD,HD,HD,HD,HD,HD,HD,HD,HD,HD,HD,HD,HD,HD,HD,HD,HD,HD,HD,HD,HD,HD,HD,HD,HD,HD,HD,HD,HD,HD,HD,HD,HD,HD,HD,HD,HD,HD,HD,HD,HD,HD,HD,HD,HD,HD,HD,HD,HD,HD,HD,HD,HD,HD,HD,HD,HD,HD,HD,HD,HD,HD,HD,HD,HD,HD,HD,HD,HD,HD,HD,HD
*CF,HD,HD,HD,HD,HD,HD,HD,HD,HD,HD,HD,HD,HD,HD,HD,HD,HD,HD,HD,HD,HD,HD,HD,HD,HD,HD,HD,HD,HD,HD,HD,HD,HD,HD,HD,HD,HD,HD,HD,HD,HD,HD,HD,HD,HD,HD,HD,HD,HD,HD,HD,HD,HD,HD,HD,HD,HD,HD,HD,HD,HD,HD,HD,HD,HD,HD,HD,HD,HD,HD,HD,HD,HD,HD,HD
CG,HD,HD,HD,HD,HD,HD,HD,HD,HD,HD,HD,HD,HD,HD,HD,HD,HD,HD,HD,HD,HD,HD,HD,HD,HD,HD,HD,HD,HD,HD,HD,HD,HD,HD,HD,HD,HD,HD,HD,HD,HD,HD,HD,HD,HD,HD,HD,HD,HD,HD,HD,HD,HD,HD,HD,HD,HD,HD,HD,HD,HD,HD,HD,HD,HD,HD,HD,HD,HD,HD,HD,HD,HD,HD,HD
CH,HD,HD,HD,HD,HD,HD,HD,HD,HD,HD,HD,HD,HD,HD,HD,HD,HD,HD,HD,HD,HD,HD,HD,HD,HD,HD,HD,HD,HD,HD,HD,HD,HD,HD,HD,HD,HD,HD,HD,HD,HD,HD,HD,HD,HD,HD,HD,HD,HD,HD,HD,HD,HD,HD,HD,HD,HD,HD,HD,HD,HD,HD,HD,HD,HD,HD,HD,HD,HD,HD,HD,HD,HD,HD,HD
CI,HD,HD,HD,HD,HD,HD,HD,HD,HD,HD,HD,HD,HD,HD,HD,HD,HD,HD,HD,HD,HD,HD,HD,HD,HD,HD,HD,HD,HD,HD,HD,HD,HD,HD,HD,HD,HD,HD,HD,HD,HD,HD,HD,HD,HD,HD,HD,HD,HD,HD,HD,HD,HD,HD,HD,HD,HD,HD,HD,HD,HD,HD,HD,HD,HD,HD,HD,HD,HD,HD,HD,HD,HD,HD,HD
CJ,HD,HD,HD,HD,HD,HD,HD,HD,HD,HD,HD,HD,HD,HD,HD,HD,HD,HD,HD,HD,HD,HD,HD,HD,HD,HD,HD,HD,HD,HD,HD,HD,HD,HD,HD,HD,HD,HD,HD,HD,HD,HD,HD,HD,HD,HD,HD,HD,HD,HD,HD,HD,HD,HD,HD,HD,HD,HD,HD,HD,HD,HD,HD,HD,HD,HD,HD,HD,HD,HD,HD,HD,HD,HD,HD
CK,HD,HD,HD,HD,HD,HD,HD,HD,HD,HD,HD,HD,HD,HD,HD,HD,HD,HD,HD,HD,HD,HD,HD,HD,HD,HD,HD,HD,HD,HD,HD,HD,HD,HD,HD,HD,HD,HD,HD,HD,HD,HD,HD,HD,HD,HD,HD,HD,HD,HD,HD,HD,HD,HD,HD,HD,HD,HD,HD,HD,HD,HD,HD,HD,HD,HD,HD,HD,HD,HD,HD,HD,HD,HD,HD
CL,HD,HD,HD,HD,HD,HD,HD,HD,HD,HD,HD,HD,HD,HD,HD,HD,HD,HD,HD,HD,HD,HD,HD,HD,HD,HD,HD,HD,HD,HD,HD,HD,HD,HD,HD,HD,HD,HD,HD,HD,HD,HD,HD,HD,HD,HD,HD,HD,HD,HD,HD,HD,HD,HD,HD,HD,HD,HD,HD,HD,HD,HD,HD,HD,HD,HD,HD,HD,HD,HD,HD,HD,HD,HD,HD
CM,HD,HD,HD,HD,HD,HD,HD,HD,HD,HD,HD,HD,HD,HD,HD,HD,HD,HD,HD,HD,HD,HD,HD,HD,HD,HD,HD,HD,HD,HD,HD,HD,HD,HD,HD,HD,HD,HD,HD,HD,HD,HD,HD,HD,HD,HD,HD,HD,HD,HD,HD,HD,HD,HD,HD,HD,HD,HD,HD,HD,HD,HD,HD,HD,HD,HD,HD,HD,HD,HD,HD,HD,HD,HD,HD
CN,HD,HD,HD,HD,HD,HD,HD,HD,HD,HD,HD,HD,HD,HD,HD,HD,HD,HD,HD,HD,HD,HD,HD,CO,HD,HD,HD,HD,HD,HD,HD,HD,HD,HD,HD,HD,HD,HD,HD,HD,HD,HD,HD,HD,HD,HD,HD,HD,HD,HD,HD,HD,HD,HD,HD,HD,HD,HD,HD,HD,HD,HD,HD,HD,HD,HD,HD,HD,HD,HD,HD,HD,HD,HD,HD
*CO,HD,HD,HD,HD,HD,HD,HD,HD,HD,HD,HD,HD,HD,HD,HD,HD,HD,HD,HD,HD,HD,HD,HD,HD,HD,HD,HD,HD,HD,HD,HD,HD,HD,HD,HD,HD,HD,HD,HD,HD,HD,HD,HD,HD,HD,HD,HD,HD,HD,HD,HD,HD,HD,HD,HD,HD,HD,HD,HD,HD,HD,HD,HD,HD,HD,HD,HD,HD,HD,HD,HD,HD,HD,HD,HD
CP,HD,HD,HD,HD,HD,HD,HD,HD,HD,HD,HD,HD,HD,HD,HD,HD,HD,HD,HD,HD,HD,HD,HD,HD,CQ,HD,HD,HD,HD,HD,HD,HD,HD,HD,HD,HD,HD,HD,HD,HD,HD,HD,HD,HD,HD,HD,HD,HD,HD,HD,HD,HD,HD,HD,HD,HD,HD,HD,HD,HD,HD,HD,HD,HD,HD,HD,HD,HD,HD,HD,HD,HD,HD,HD,HD
*CQ,HD,HD,HD,HD,HD,HD,HD,HD,HD,HD,HD,HD,HD,HD,HD,HD,HD,HD,HD,HD,HD,HD,HD,HD,HD,HD,HD,HD,HD,HD,HD,HD,HD,HD,HD,HD,HD,HD,HD,HD,HD,HD,HD,HD,HD,HD,HD,HD,HD,HD,HD,HD,HD,HD,HD,HD,HD,HD,HD,HD,HD,HD,HD,HD,HD,HD,HD,HD,HD,HD,HD,HD,HD,HD,HD
CR,HD,HD,HD,HD,HD,HD,HD,HD,HD,HD,HD,HD,HD,HD,HD,HD,HD,HD,HD,HD,HD,HD,HD,HD,HD,CT,HD,HD,HD,HD,HD,HD,HD,HD,HD,HD,HD,HD,HD,HD,HD,HD,HD,HD,HD,HD,HD,HD,HD,HD,HD,HD,HD,HD,HD,HD,HD,HD,HD,HD,HD,HD,HD,HD,HD,HD,HD,HD,HD,HD,HD,HD,HD,HD,HD
*CT,HD,HD,HD,HD,HD,HD,HD,HD,HD,HD,HD,HD,HD,HD,HD,HD,HD,HD,HD,HD,HD,HD,HD,HD,HD,HD,HD,HD,HD,HD,HD,HD,HD,HD,HD,HD,HD,HD,HD,HD,HD,HD,HD,HD,HD,HD,HD,HD,HD,HD,HD,HD,HD,HD,HD,HD,HD,HD,HD,HD,HD,HD,HD,HD,HD,HD,HD,HD,HD,HD,HD,HD,HD,HD,HD
CU,HD,HD,HD,HD,HD,HD,HD,HD,HD,HD,HD,HD,HD,HD,HD,HD,HD,HD,HD,HD,HD,HD,HD,HD,HD,CV,HD,HD,HD,HD,HD,HD,HD,HD,HD,HD,HD,HD,HD,HD,HD,HD,HD,HD,HD,HD,HD,HD,HD,HD,HD,HD,HD,HD,HD,HD,HD,HD,HD,HD,HD,HD,HD,HD,HD,HD,HD,HD,HD,HD,HD,HD,HD,HD,HD
*CV,HD,HD,HD,HD,HD,HD,HD,HD,HD,HD,HD,HD,HD,HD,HD,HD,HD,HD,HD,HD,HD,HD,HD,HD,HD,HD,HD,HD,HD,HD,HD,HD,HD,HD,HD,HD,HD,HD,HD,HD,HD,HD,HD,HD,HD,HD,HD,HD,HD,HD,HD,HD,HD,HD,HD,HD,HD,HD,HD,HD,HD,HD,HD,HD,HD,HD,HD,HD,HD,HD,HD,HD,HD,HD,HD
CW,HD,HD,HD,HD,HD,HD,HD,HD,HD,HD,HD,HD,HD,HD,HD,HD,HD,HD,HD,HD,HD,HD,HD,HD,HD,CX,HD,HD,HD,HD,HD,HD,HD,HD,HD,HD,HD,HD,HD,HD,HD,HD,HD,HD,HD,HD,HD,HD,HD,HD,HD,HD,HD,HD,HD,HD,HD,HD,HD,HD,HD,HD,HD,HD,HD,HD,HD,HD,HD,HD,HD,HD,HD,HD,HD
*CX,HD,HD,HD,HD,HD,HD,HD,HD,HD,HD,HD,HD,HD,HD,HD,HD,HD,HD,HD,HD,HD,HD,HD,HD,HD,HD,HD,HD,HD,HD,HD,HD,HD,HD,HD,HD,HD,HD,HD,HD,HD,HD,HD,HD,HD,HD,HD,HD,HD,HD,HD,HD,HD,HD,HD,HD,HD,HD,HD,HD,HD,HD,HD,HD,HD,HD,HD,HD,HD,HD,HD,HD,HD,HD,HD
CY,HD,HD,HD,HD,HD,HD,HD,HD,HD,HD,HD,HD,HD,HD,HD,HD,HD,HD,HD,HD,HD,HD,HD,HD,HD,CZ,HD,HD,HD,HD,HD,HD,HD,HD,HD,HD,HD,HD,HD,HD,HD,HD,HD,HD,HD,HD,HD,HD,HD,HD,HD,HD,HD,HD,HD,HD,HD,HD,HD,HD,HD,HD,HD,HD,HD,HD,HD,HD,HD,HD,HD,HD,HD,HD,HD
*CZ,HD,HD,HD,HD,HD,HD,HD,HD,HD,HD,HD,HD,HD,HD,HD,HD,HD,HD,HD,HD,HD,HD,HD,HD,HD,HD,HD,HD,HD,HD,HD,HD,HD,HD,HD,HD,HD,HD,HD,HD,HD,HD,HD,HD,HD,HD,HD,HD,HD,HD,HD,HD,HD,HD,HD,HD,HD,HD,HD,HD,HD,HD,HD,HD,HD,HD,HD,HD,HD,HD,HD,HD,HD,HD,HD
DS,DA,HD,HD,HD,HD,HD,HD,HD,HD,HD,HD,HD,HD,HD,HD,HD,HD,HD,HD,HD,HD,HD,HD,HD,HD,HD,HD,HD,HD,HD,HD,HD,HD,HD,HD,HD,HD,HD,HD,HD,HD,HD,HD,HD,HD,HD,HD,HD,HD,HD,HD,HD,HD,HD,HD,HD,HD,HD,HD,HD,HD,HD,HD,HD,HD,HD,HD,HD,HD,HD,HD,HD,HD,HD,HD
*DA,HD,HD,HD,HD,HD,HD,HD,HD,HD,HD,HD,HD,HD,HD,HD,HD,HD,HD,HD,HD,HD,HD,HD,HD,HD,HD,HD,HD,HD,HD,HD,HD,HD,HD,HD,HD,HD,HD,HD,HD,HD,HD,HD,HD,HD,HD,HD,HD,HD,HD,HD,HD,HD,HD,HD,HD,HD,HD,HD,HD,HD,HD,HD,HD,HD,HD,HD,HD,HD,HD,HD,HD,HD,HD,HD
DB,HD,HD,HD,HD,HD,HD,HD,HD,HD,DC,HD,HD,HD,HD,HD,HD,HD,HD,HD,HD,HD,HD,HD,HD,HD,HD,HD,HD,HD,HD,HD,HD,HD,HD,HD,HD,HD,HD,HD,HD,HD,HD,HD,HD,HD,HD,HD,HD,HD,HD,HD,HD,HD,HD,HD,HD,HD,HD,HD,HD,HD,HD,HD,HD,HD,HD,HD,HD,HD,HD,HD,HD,HD,HD,HD
*DC,HD,HD,HD,HD,HD,HD,HD,HD,HD,HD,HD,HD,HD,HD,HD,HD,HD,HD,HD,HD,HD,HD,HD,HD,HD,HD,HD,HD,HD,HD,HD,HD,HD,HD,HD,HD,HD,HD,HD,HD,HD,HD,HD,HD,HD,HD,HD,HD,HD,HD,HD,HD,HD,HD,HD,HD,HD,HD,HD,HD,HD,HD,HD,HD,HD,HD,HD,HD,HD,HD,HD,HD,HD,HD,HD
DD,HD,HD,HD,HD,HD,HD,HD,HD,HD,HD,HD,DE,HD,HD,HD,HD,HD,HD,HD,HD,HD,HD,HD,HD,HD,HD,HD,HD,HD,HD,HD,HD,HD,HD,HD,HD,HD,HD,HD,HD,HD,HD,HD,HD,HD,HD,HD,HD,HD,HD,HD,HD,HD,HD,HD,HD,HD,HD,HD,HD,HD,HD,HD,HD,HD,HD,HD,HD,HD,HD,HD,HD,HD,HD,HD
*DE,HD,HD,HD,HD,HD,HD,HD,HD,HD,HD,HD,HD,HD,HD,HD,HD,HD,HD,HD,HD,HD,HD,HD,HD,HD,HD,HD,HD,HD,HD,HD,HD,HD,HD,HD,HD,HD,HD,HD,HD,HD,HD,HD,HD,HD,HD,HD,HD,HD,HD,HD,HD,HD,HD,HD,HD,HD,HD,HD,HD,HD,HD,HD,HD,HD,HD,HD,HD,HD,HD,HD,HD,HD,HD,HD
DF,HD,HD,HD,HD,HD,HD,HD,HD,HD,HD,HD,HD,HD,HD,HD,HD,HD,HD,HD,HD,HD,HD,HD,HD,HD,HD,HD,HD,HD,HD,HD,HD,HD,HD,HD,HD,HD,HD,HD,HD,HD,HD,HD,HD,HD,HD,HD,HD,HD,HD,HD,HD,HD,HD,HD,HD,HD,HD,HD,HD,HD,HD,HD,HD,HD,HD,HD,HD,HD,HD,HD,HD,HD,HD,HD
DG,HD,HD,HD,HD,HD,HD,HD,HD,HD,HD,HD,HD,HD,HD,HD,HD,HD,HD,HD,HD,HD,HD,HD,HD,HD,HD,HD,HD,HD,HD,HD,HD,HD,HD,HD,HD,HD,HD,HD,HD,HD,HD,HD,HD,HD,HD,HD,HD,HD,HD,HD,HD,HD,HD,HD,HD,HD,HD,HD,HD,HD,HD,HD,HD,HD,HD,HD,HD,HD,HD,HD,HD,HD,HD,HD
DH,HD,HD,HD,HD,HD,HD,HD,HD,HD,HD,HD,HD,HD,HD,HD,HD,HD,HD,HD,HD,HD,HD,HD,HD,HD,DI,HD,HD,HD,HD,HD,HD,HD,HD,HD,HD,HD,HD,HD,HD,HD,HD,HD,HD,HD,HD,HD,HD,HD,HD,HD,HD,HD,HD,HD,HD,HD,HD,HD,HD,HD,HD,HD,HD,HD,HD,HD,HD,HD,HD,HD,HD,HD,HD,HD
*DI,HD,HD,HD,HD,HD,HD,HD,HD,HD,HD,HD,HD,HD,HD,HD,HD,HD,HD,HD,HD,HD,HD,HD,HD,HD,HD,HD,HD,HD,HD,HD,HD,HD,HD,HD,HD,HD,HD,HD,HD,HD,HD,HD,HD,HD,HD,HD,HD,HD,HD,HD,HD,HD,HD,HD,HD,HD,HD,HD,HD,HD,HD,HD,HD,HD,HD,HD,HD,HD,HD,HD,HD,HD,HD,HD
DJ,HD,HD,HD,HD,HD,HD,HD,HD,HD,HD,HD,HD,HD,HD,HD,HD,HD,HD,HD,HD,HD,HD,HD,HD,HD,DK,HD,HD,HD,HD,HD,HD,HD,HD,HD,HD,HD,HD,HD,HD,HD,HD,HD,HD,HD,HD,HD,HD,HD,HD,HD,HD,HD,HD,HD,HD,HD,HD,HD,HD,HD,HD,HD,HD,HD,HD,HD,HD,HD,HD,HD,HD,HD,HD,HD
*DK,HD,HD,HD,HD,HD,HD,HD,HD,HD,HD,HD,HD,HD,HD,HD,HD,HD,HD,HD,HD,HD,HD,HD,HD,HD,HD,HD,HD,HD,HD,HD,HD,HD,HD,HD,HD,HD,HD,HD,HD,HD,HD,HD,HD,HD,HD,HD,HD,HD,HD,HD,HD,HD,HD,HD,HD,HD,HD,HD,HD,HD,HD,HD,HD,HD,HD,HD,HD,HD,HD,HD,HD,HD,HD,HD
DL,HD,HD,HD,HD,HD,HD,HD,HD,HD,HD,HD,HD,HD,HD,HD,HD,HD,HD,HD,HD,HD,HD,HD,HD,HD,HD,HD,HD,HD,HD,HD,HD,HD,HD,HD,HD,HD,HD,HD,HD,HD,HD,HD,HD,HD,HD,HD,HD,HD,HD,HD,HD,HD,HD,HD,HD,HD,HD,HD,HD,HD,HD,HD,HD,HD,HD,HD,HD,HD,HD,HD,HD,HD,HD,HD
*DM,DM,DM,DM,DM,DM,DM,DM,DM,DM,DM,DM,DM,DM,DM,DM,DM,DM,DM,HD,HD,HD,HD,HD,HD,DM,HD,HD,HD,HD,DM,DM,DM,DM,DM,DM,DM,DM,DM,DM,DM,DM,DM,DM,DM,DM,DM,DM,DM,DM,DM,DM,DM,DM,DM,DM,DM,DM,DM,DM,DM,DM,DM,DM,DM,HD,HD,HD,HD,HD,HD,HD,HD,HD,HD,HD
*DN,HD,HD,HD,HD,HD,HD,HD,HD,HD,HD,HD,HD,HD,HD,HD,HD,HD,HD,HD,HD,HD,HD,HD,HD,HD,HD,HD,HD,HD,HD,HD,HD,HD,HD,HD,HD,HD,HD,HD,HD,HD,HD,HD,HD,HD,HD,HD,HD,HD,HD,HD,HD,HD,HD,HD,HD,HD,HD,HD,HD,HD,HD,HD,HD,DN,DN,DN,DN,DN,DN,DN,DN,DN,DN,DO
DO,HD,HD,HD,HD,HD,HD,HD,HD,HD,HD,HD,HD,HD,HD,HD,HD,HD,HD,HD,HD,HD,HD,HD,HD,HD,HD,HD,HD,HD,HD,HD,HD,HD,HD,HD,HD,HD,HD,HD,HD,HD,HD,HD,HD,HD,HD,HD,HD,HD,HD,HD,HD,HD,HD,HD,HD,HD,HD,HD,HD,HD,HD,HD,HD,EO,EP,EQ,ER,ET,EU,EV,EW,EX,EY,HD
*DP,HD,HD,HD,HD,HD,HD,HD,HD,HD,HD,HD,HD,HD,HD,HD,HD,HD,HD,HD,HD,HD,HD,HD,HD,HD,HD,HD,HD,HD,HD,HD,HD,HD,HD,HD,HD,HD,HD,HD,HD,HD,HD,HD,HD,HD,HD,HD,HD,HD,HD,HD,HD,HD,HD,HD,HD,HD,HD,HD,HD,HD,HD,HD,HD,HD,HD,HD,HD,HD,HD,HD,HD,HD,HD,HD
*DQ,HD,HD,HD,HD,HD,HD,HD,HD,HD,HD,HD,HD,HD,HD,HD,HD,HD,HD,HD,HD,HD,HD,HD,HD,HD,HD,HD,HD,HD,HD,HD,HD,HD,HD,HD,HD,HD,HD,HD,HD,HD,HD,HD,HD,HD,HD,HD,HD,HD,HD,HD,HD,HD,HD,HD,HD,HD,HD,HD,HD,HD,HD,HD,HD,HD,HD,HD,HD,HD,HD,HD,HD,HD,HD,HD
*DR,HD,HD,HD,HD,HD,HD,HD,HD,HD,HD,HD,HD,HD,HD,HD,HD,HD,HD,HD,HD,HD,HD,HD,HD,HD,HD,HD,HD,HD,HD,HD,HD,HD,HD,HD,HD,HD,HD,HD,HD,HD,HD,HD,HD,HD,HD,HD,HD,HD,HD,HD,HD,HD,HD,HD,HD,HD,HD,HD,HD,HD,HD,HD,HD,HD,HD,HD,HD,HD,HD,HD,HD,HD,HD,HD
*DT,HD,HD,HD,HD,HD,HD,HD,HD,HD,HD,HD,HD,HD,HD,HD,HD,HD,HD,HD,HD,HD,HD,HD,HD,HD,HD,HD,HD,HD,HD,HD,HD,HD,HD,HD,HD,HD,HD,HD,HD,HD,HD,HD,HD,HD,HD,HD,HD,HD,HD,HD,HD,HD,HD,HD,HD,HD,HD,HD,HD,HD,HD,HD,HD,HD,HD,HD,HD,HD,HD,HD,HD,HD,HD,HD
*DU,HD,HD,HD,HD,HD,HD,HD,HD,HD,HD,HD,HD,HD,HD,HD,HD,HD,HD,HD,HD,HD,HD,HD,HD,HD,HD,HD,HD,HD,HD,HD,HD,HD,HD,HD,HD,HD,HD,HD,HD,HD,HD,HD,HD,HD,HD,HD,HD,HD,HD,HD,HD,HD,HD,HD,HD,HD,HD,HD,HD,HD,HD,HD,HD,HD,HD,HD,HD,HD,HD,HD,HD,HD,HD,HD
*DV,HD,HD,HD,HD,HD,HD,HD,HD,HD,HD,HD,HD,HD,HD,HD,HD,HD,HD,HD,HD,HD,HD,HD,HD,HD,HD,HD,HD,HD,HD,HD,HD,HD,HD,HD,HD,HD,HD,HD,HD,HD,HD,HD,HD,HD,HD,HD,HD,HD,HD,HD,HD,HD,HD,HD,HD,HD,HD,HD,HD,HD,HD,HD,HD,HD,HD,HD,HD,HD,HD,HD,HD,HD,HD,HD
*DW,HD,HD,HD,HD,HD,HD,HD,HD,HD,HD,HD,HD,HD,HD,HD,HD,HD,HD,HD,HD,HD,HD,HD,HD,HD,HD,HD,HD,HD,HD,HD,HD,HD,HD,HD,HD,HD,HD,HD,HD,HD,HD,HD,HD,HD,HD,HD,HD,HD,HD,HD,HD,HD,HD,HD,HD,HD,HD,HD,HD,HD,HD,HD,HD,HD,HD,HD,HD,HD,HD,HD,HD,HD,HD,HD
*DX,HD,HD,HD,HD,HD,HD,HD,HD,HD,HD,HD,HD,HD,HD,HD,HD,HD,HD,HD,HD,HD,HD,HD,HD,HD,HD,HD,HD,HD,HD,HD,HD,HD,HD,HD,HD,HD,HD,HD,HD,HD,HD,HD,HD,HD,HD,HD,HD,HD,HD,HD,HD,HD,HD,HD,HD,HD,HD,HD,HD,HD,HD,HD,HD,HD,HD,HD,HD,HD,HD,HD,HD,HD,HD,HD
*DY,HD,HD,HD,HD,HD,HD,HD,HD,HD,HD,HD,HD,HD,HD,HD,HD,HD,HD,HD,HD,HD,HD,HD,HD,HD,HD,HD,HD,HD,HD,HD,HD,HD,HD,HD,HD,HD,HD,HD,HD,HD,HD,HD,HD,HD,HD,HD,HD,HD,HD,HD,HD,HD,HD,HD,HD,HD,HD,HD,HD,HD,HD,HD,HD,HD,HD,HD,HD,HD,HD,HD,HD,HD,HD,HD
*DZ,HD,HD,HD,HD,HD,HD,HD,HD,HD,HD,HD,HD,HD,HD,HD,HD,HD,HD,HD,HD,HD,HD,HD,HD,HD,HD,HD,HD,HD,HD,HD,HD,HD,HD,HD,HD,HD,HD,HD,HD,HD,HD,HD,HD,HD,HD,HD,HD,HD,HD,HD,HD,HD,HD,HD,HD,HD,HD,HD,HD,HD,HD,HD,HD,HD,HD,HD,HD,HD,HD,HD,HD,HD,HD,HD
*ES,DM,EZ,DM,DM,DM,DM,DM,DM,DM,FS,DM,DM,DM,DM,DM,DM,DM,DM,HD,HD,HD,HD,HD,HD,DM,HD,HD,HD,HD,DM,DM,DM,DM,DM,DM,DM,DM,DM,DM,DM,DM,DM,DM,DM,DM,DM,DM,DM,DM,DM,DM,DM,DM,DM,DM,DM,DM,DM,DM,DM,DM,DM,DM,DM,HD,HD,HD,HD,HD,HD,HD,HD,HD,HD,HD
*EA,DM,DM,DM,DM,FA,DM,DM,DM,FB,DM,DM,DM,DM,DM,DM,DM,DM,DM,HD,HD,HD,HD,HD,HD,DM,HD,HD,HD,HD,DM,DM,DM,DM,DM,DM,DM,DM,DM,DM,DM,DM,DM,DM,DM,DM,DM,DM,DM,DM,DM,DM,DM,DM,DM,DM,DM,DM,DM,DM,DM,DM,DM,DM,DM,HD,HD,HD,HD,HD,HD,HD,HD,HD,HD,HD
*EB,DM,FC,DM,DM,DM,DM,DM,FD,DM,DM,DM,DM,DM,DM,DM,DM,DM,DM,HD,HD,HD,HD,HD,HD,DM,HD,HD,HD,HD,DM,DM,DM,DM,DM,DM,DM,DM,DM,DM,DM,DM,DM,DM,DM,DM,DM,DM,DM,DM,DM,DM,DM,DM,DM,DM,DM,DM,DM,DM,DM,DM,DM,DM,DM,HD,HD,HD,HD,HD,HD,HD,HD,HD,HD,HD
*EC,DM,DM,DM,DM,FE,DM,DM,FF,DM,DM,DM,DM,DM,DM,DM,DM,DM,DM,HD,HD,HD,HD,HD,HD,DM,HD,HD,HD,HD,DM,DM,DM,DM,DM,DM,DM,DM,DM,DM,DM,DM,DM,DM,DM,DM,DM,DM,DM,DM,DM,DM,DM,DM,DM,DM,DM,DM,DM,DM,DM,DM,DM,DM,DM,HD,HD,HD,HD,HD,HD,HD,HD,HD,HD,HD
*ED,DM,DM,FG,DM,DM,DM,DM,DM,DM,DM,DM,DM,DM,DM,FH,DM,DM,DM,HD,HD,HD,HD,HD,HD,DM,HD,HD,HD,HD,DM,DM,DM,DM,DM,DM,DM,DM,DM,DM,DM,DM,DM,DM,DM,DM,DM,DM,DM,DM,DM,DM,DM,DM,DM,DM,DM,DM,DM,DM,DM,DM,DM,DM,DM,HD,HD,HD,HD,HD,HD,HD,HD,HD,HD,HD
*EE,DM,DM,DM,DM,DM,DM,DM,DM,FI,DM,DM,DM,DM,DM,DM,DM,DM,DM,HD,HD,HD,HD,HD,HD,DM,HD,HD,HD,HD,DM,DM,DM,DM,DM,DM,DM,DM,DM,DM,DM,DM,DM,DM,DM,DM,DM,DM,DM,DM,DM,DM,DM,DM,DM,DM,DM,DM,DM,DM,DM,DM,DM,DM,DM,HD,HD,HD,HD,HD,HD,HD,HD,HD,HD,HD
*EF,DM,DM,DM,DM,DM,DM,DM,DM,DM,DM,DM,DM,FJ,DM,DM,DM,DM,DM,HD,HD,HD,HD,HD,HD,DM,HD,HD,HD,HD,DM,DM,DM,DM,DM,DM,DM,DM,DM,DM,DM,DM,DM,DM,DM,DM,DM,DM,DM,DM,DM,DM,DM,DM,DM,DM,DM,DM,DM,DM,DM,DM,DM,DM,DM,HD,HD,HD,HD,HD,HD,HD,HD,HD,HD,HD
*EG,DM,DM,DM,DM,DM,DM,DM,DM,DM,DM,DM,DM,DM,DM,DM,DM,DM,FK,HD,HD,HD,HD,HD,HD,DM,HD,HD,HD,HD,DM,DM,DM,DM,DM,DM,DM,DM,DM,DM,DM,DM,DM,DM,DM,DM,DM,DM,DM,DM,DM,DM,DM,DM,DM,DM,DM,DM,DM,DM,DM,DM,DM,DM,DM,HD,HD,HD,HD,HD,HD,HD,HD,HD,HD,HD
EH,HD,HD,HD,HD,HD,HD,HD,HD,HD,HD,HD,HD,HD,HD,HD,HD,HD,HD,HD,HD,HD,HD,HD,HD,HD,CX,HD,HD,HD,HD,HD,HD,HD,HD,HD,HD,HD,HD,HD,HD,HD,HD,HD,HD,HD,HD,HD,HD,HD,HD,HD,HD,HD,HD,HD,HD,HD,HD,HD,HD,HD,HD,HD,HD,HD,HD,HD,HD,HD,HD,HD,HD,HD,HD,HD
EI,HD,HD,HD,HD,HD,HD,HD,HD,HD,HD,HD,HD,HD,HD,HD,HD,HD,HD,HD,HD,HD,HD,HD,HD,HD,CZ,HD,HD,HD,HD,HD,HD,HD,HD,HD,HD,HD,HD,HD,HD,HD,HD,HD,HD,HD,HD,HD,HD,HD,HD,HD,HD,HD,HD,HD,HD,HD,HD,HD,HD,HD,HD,HD,HD,HD,HD,HD,HD,HD,HD,HD,HD,HD,HD,HD
EJ,DA,HD,HD,HD,HD,HD,HD,HD,HD,DC,HD,DE,HD,HD,HD,HD,HD,HD,HD,HD,HD,HD,HD,HD,HD,HD,HD,HD,HD,HD,HD,HD,HD,HD,HD,HD,HD,HD,HD,HD,HD,HD,HD,HD,HD,HD,HD,HD,HD,HD,HD,HD,HD,HD,HD,HD,HD,HD,HD,HD,HD,HD,HD,HD,HD,HD,HD,HD,HD,HD,HD,HD,HD,HD,HD
EK,HD,HD,HD,HD,HD,HD,HD,HD,HD,HD,HD,HD,HD,HD,HD,HD,HD,HD,HD,HD,HD,HD,HD,CO,HD,CT,HD,HD,HD,HD,HD,HD,HD,HD,HD,HD,HD,HD,HD,HD,HD,HD,HD,HD,HD,HD,HD,HD,HD,HD,HD,HD,HD,HD,HD,HD,HD,HD,HD,HD,HD,HD,HD,HD,HD,HD,HD,HD,HD,HD,HD,HD,HD,HD,HD
EL,HD,HD,HD,HD,HD,HD,HD,HD,HD,HD,HD,HD,HD,HD,HD,HD,HD,HD,HD,HD,HD,HD,HD,HD,CQ,CV,HD,HD,HD,HD,HD,HD,HD,HD,HD,HD,HD,HD,HD,HD,HD,HD,HD,HD,HD,HD,HD,HD,HD,HD,HD,HD,HD,HD,HD,HD,HD,HD,HD,HD,HD,HD,HD,HD,HD,HD,HD,HD,HD,HD,HD,HD,HD,HD,HD
EM,HD,HD,HD,HD,HD,HD,HD,HD,HD,HD,HD,HD,HD,HD,HD,HD,HD,HD,HD,HD,HD,HD,HD,HD,HD,DI,HD,HD,HD,HD,HD,HD,HD,HD,HD,HD,HD,HD,HD,HD,HD,HD,HD,HD,HD,HD,HD,HD,HD,HD,HD,HD,HD,HD,HD,HD,HD,HD,HD,HD,HD,HD,HD,HD,HD,HD,HD,HD,HD,HD,HD,HD,HD,HD,HD
EN,HD,HD,HD,HD,HD,HD,HD,HD,HD,HD,HD,HD,HD,HD,HD,HD,HD,HD,HD,HD,HD,HD,HD,HD,HD,DK,HD,HD,HD,HD,HD,HD,HD,HD,HD,HD,HD,HD,HD,HD,HD,HD,HD,HD,HD,HD,HD,HD,HD,HD,HD,HD,HD,HD,HD,HD,HD,HD,HD,HD,HD,HD,HD,HD,HD,HD,HD,HD,HD,HD,HD,HD,HD,HD,HD
*EO,HD,HD,HD,HD,HD,HD,HD,HD,HD,HD,HD,HD,HD,HD,HD,HD,HD,HD,HD,HD,HD,HD,HD,HD,HD,HD,HD,HD,HD,HD,HD,HD,HD,HD,HD,HD,HD,HD,HD,HD,HD,HD,HD,HD,HD,HD,HD,HD,HD,HD,HD,HD,HD,HD,HD,HD,HD,HD,HD,HD,HD,HD,HD,HD,EO,EP,EQ,ER,ET,EU,EV,EW,EX,EY,HD
*EP,HD,HD,HD,HD,HD,HD,HD,HD,HD,HD,HD,HD,HD,HD,HD,HD,HD,HD,HD,HD,HD,HD,HD,HD,HD,HD,HD,HD,HD,HD,HD,HD,HD,HD,HD,HD,HD,HD,HD,HD,HD,HD,HD,HD,HD,HD,HD,HD,HD,HD,HD,HD,HD,HD,HD,HD,HD,HD,HD,HD,HD,HD,HD,HD,EO,EP,EQ,ER,ET,EU,EV,EW,EX,EY,HD
*EQ,HD,HD,HD,HD,HD,HD,HD,HD,HD,HD,HD,HD,HD,HD,HD,HD,HD,HD,HD,HD,HD,HD,HD,HD,HD,HD,HD,HD,HD,HD,HD,HD,HD,HD,HD,HD,HD,HD,HD,HD,HD,HD,HD,HD,HD,HD,HD,HD,HD,HD,HD,HD,HD,HD,HD,HD,HD,HD,HD,HD,HD,HD,HD,HD,EO,EP,EQ,ER,ET,EU,EV,EW,EX,EY,HD
*ER,HD,HD,HD,HD,HD,HD,HD,HD,HD,HD,HD,HD,HD,HD,HD,HD,HD,HD,HD,HD,HD,HD,HD,HD,HD,HD,HD,HD,HD,HD,HD,HD,HD,HD,HD,HD,HD,HD,HD,HD,HD,HD,HD,HD,HD,HD,HD,HD,HD,HD,HD,HD,HD,HD,HD,HD,HD,HD,HD,HD,HD,HD,HD,HD,EO,EP,EQ,ER,ET,EU,EV,EW,EX,EY,HD
*ET,HD,HD,HD,HD,HD,HD,HD,HD,HD,HD,HD,HD,HD,HD,HD,HD,HD,HD,HD,HD,HD,HD,HD,HD,HD,HD,HD,HD,HD,HD,HD,HD,HD,HD,HD,HD,HD,HD,HD,HD,HD,HD,HD,HD,HD,HD,HD,HD,HD,HD,HD,HD,HD,HD,HD,HD,HD,HD,HD,HD,HD,HD,HD,HD,EO,EP,EQ,ER,ET,EU,EV,EW,EX,EY,HD
*EU,HD,HD,HD,HD,HD,HD,HD,HD,HD,HD,HD,HD,HD,HD,HD,HD,HD,HD,HD,HD,HD,HD,HD,HD,HD,HD,HD,HD,HD,HD,HD,HD,HD,HD,HD,HD,HD,HD,HD,HD,HD,HD,HD,HD,HD,HD,HD,HD,HD,HD,HD,HD,HD,HD,HD,HD,HD,HD,HD,HD,HD,HD,HD,HD,EO,EP,EQ,ER,ET,EU,EV,EW,EX,EY,HD
*EV,HD,HD,HD,HD,HD,HD,HD,HD,HD,HD,HD,HD,HD,HD,HD,HD,HD,HD,HD,HD,HD,HD,HD,HD,HD,HD,HD,HD,HD,HD,HD,HD,HD,HD,HD,HD,HD,HD,HD,HD,HD,HD,HD,HD,HD,HD,HD,HD,HD,HD,HD,HD,HD,HD,HD,HD,HD,HD,HD,HD,HD,HD,HD,HD,EO,EP,EQ,ER,ET,EU,EV,EW,EX,EY,HD
*EW,HD,HD,HD,HD,HD,HD,HD,HD,HD,HD,HD,HD,HD,HD,HD,HD,HD,HD,HD,HD,HD,HD,HD,HD,HD,HD,HD,HD,HD,HD,HD,HD,HD,HD,HD,HD,HD,HD,HD,HD,HD,HD,HD,HD,HD,HD,HD,HD,HD,HD,HD,HD,HD,HD,HD,HD,HD,HD,HD,HD,HD,HD,HD,HD,EO,EP,EQ,ER,ET,EU,EV,EW,EX,EY,HD
*EX,HD,HD,HD,HD,HD,HD,HD,HD,HD,HD,HD,HD,HD,HD,HD,HD,HD,HD,HD,HD,HD,HD,HD,HD,HD,HD,HD,HD,HD,HD,HD,HD,HD,HD,HD,HD,HD,HD,HD,HD,HD,HD,HD,HD,HD,HD,HD,HD,HD,HD,HD,HD,HD,HD,HD,HD,HD,HD,HD,HD,HD,HD,HD,HD,EO,EP,EQ,ER,ET,EU,EV,EW,EX,EY,HD
*EY,HD,HD,HD,HD,HD,HD,HD,HD,HD,HD,HD,HD,HD,HD,HD,HD,HD,HD,HD,HD,HD,HD,HD,HD,HD,HD,HD,HD,HD,HD,HD,HD,HD,HD,HD,HD,HD,HD,HD,HD,HD,HD,HD,HD,HD,HD,HD,HD,HD,HD,HD,HD,HD,HD,HD,HD,HD,HD,HD,HD,HD,HD,HD,HD,EO,EP,EQ,ER,ET,EU,EV,EW,EX,EY,HD
*EZ,DM,DM,FL,DM,DM,DM,DM,DM,DM,DM,DM,DM,DM,DM,DM,DM,DM,DM,HD,HD,HD,HD,HD,HD,DM,HD,HD,HD,HD,DM,DM,DM,DM,DM,DM,DM,DM,DM,DM,DM,DM,DM,DM,DM,DM,DM,DM,DM,DM,DM,DM,DM,DM,DM,DM,DM,DM,DM,DM,DM,DM,DM,DM,DM,HD,HD,HD,HD,HD,HD,HD,HD,HD,HD,HD
*FS,DM,DM,DM,DM,DM,DM,DM,DM,DM,DM,DM,DM,DM,DM,DM,DM,DM,DM,HD,HD,HD,HD,HD,HD,DM,HD,HD,HD,HD,DM,DM,DM,DM,DM,DM,DM,DM,DM,DM,DM,DM,DM,DM,DM,DM,DM,DM,DM,DM,DM,DM,DM,DM,DM,DM,DM,DM,DM,DM,DM,DM,DM,DM,DM,HD,HD,HD,HD,HD,HD,HD,HD,HD,HD,HD
*FA,DM,DM,DM,DM,DM,FM,DM,DM,DM,DM,DM,DM,DM,DM,DM,DM,DM,DM,HD,HD,HD,HD,HD,HD,DM,HD,HD,HD,HD,DM,DM,DM,DM,DM,DM,DM,DM,DM,DM,DM,DM,DM,DM,DM,DM,DM,DM,DM,DM,DM,DM,DM,DM,DM,DM,DM,DM,DM,DM,DM,DM,DM,DM,DM,HD,HD,HD,HD,HD,HD,HD,HD,HD,HD,HD
*FB,DM,DM,DM,DM,DM,DM,DM,DM,DM,FN,DM,DM,DM,DM,DM,DM,DM,DM,HD,HD,HD,HD,HD,HD,DM,HD,HD,HD,HD,DM,DM,DM,DM,DM,DM,DM,DM,DM,DM,DM,DM,DM,DM,DM,DM,DM,DM,DM,DM,DM,DM,DM,DM,DM,DM,DM,DM,DM,DM,DM,DM,DM,DM,DM,HD,HD,HD,HD,HD,HD,HD,HD,HD,HD,HD
*FC,DM,DM,DM,FO,DM,DM,DM,DM,DM,DM,DM,DM,DM,DM,DM,DM,DM,DM,HD,HD,HD,HD,HD,HD,DM,HD,HD,HD,HD,DM,DM,DM,DM,DM,DM,DM,DM,DM,DM,DM,DM,DM,DM,DM,DM,DM,DM,DM,DM,DM,DM,DM,DM,DM,DM,DM,DM,DM,DM,DM,DM,DM,DM,DM,HD,HD,HD,HD,HD,HD,HD,HD,HD,HD,HD
*FD,DM,DM,DM,DM,DM,DM,DM,DM,DM,DM,DM,FP,DM,DM,DM,DM,DM,DM,HD,HD,HD,HD,HD,HD,DM,HD,HD,HD,HD,DM,DM,DM,DM,DM,DM,DM,DM,DM,DM,DM,DM,DM,DM,DM,DM,DM,DM,DM,DM,DM,DM,DM,DM,DM,DM,DM,DM,DM,DM,DM,DM,DM,DM,DM,HD,HD,HD,HD,HD,HD,HD,HD,HD,HD,HD
*FE,DM,DM,DM,DM,DM,DM,DM,DM,DM,DM,DM,DM,FQ,DM,DM,DM,DM,DM,HD,HD,HD,HD,HD,HD,DM,HD,HD,HD,HD,DM,DM,DM,DM,DM,DM,DM,DM,DM,DM,DM,DM,DM,DM,DM,DM,DM,DM,DM,DM,DM,DM,DM,DM,DM,DM,DM,DM,DM,DM,DM,DM,DM,DM,DM,HD,HD,HD,HD,HD,HD,HD,HD,HD,HD,HD
*FF,DM,DM,DM,DM,FR,DM,DM,DM,DM,DM,DM,DM,DM,DM,DM,DM,DM,DM,HD,HD,HD,HD,HD,HD,DM,HD,HD,HD,HD,DM,DM,DM,DM,DM,DM,DM,DM,DM,DM,DM,DM,DM,DM,DM,DM,DM,DM,DM,DM,DM,DM,DM,DM,DM,DM,DM,DM,DM,DM,DM,DM,DM,DM,DM,HD,HD,HD,HD,HD,HD,HD,HD,HD,HD,HD
*FG,DM,DM,DM,DM,DM,DM,DM,DM,DM,DM,DM,DM,FT,DM,DM,DM,DM,DM,HD,HD,HD,HD,HD,HD,DM,HD,HD,HD,HD,DM,DM,DM,DM,DM,DM,DM,DM,DM,DM,DM,DM,DM,DM,DM,DM,DM,DM,DM,DM,DM,DM,DM,DM,DM,DM,DM,DM,DM,DM,DM,DM,DM,DM,DM,HD,HD,HD,HD,HD,HD,HD,HD,HD,HD,HD
*FH,DM,DM,DM,DM,DM,DM,DM,DM,DM,DM,FU,DM,DM,DM,DM,DM,DM,DM,HD,HD,HD,HD,HD,HD,DM,HD,HD,HD,HD,DM,DM,DM,DM,DM,DM,DM,DM,DM,DM,DM,DM,DM,DM,DM,DM,DM,DM,DM,DM,DM,DM,DM,DM,DM,DM,DM,DM,DM,DM,DM,DM,DM,DM,DM,HD,HD,HD,HD,HD,HD,HD,HD,HD,HD,HD
*FI,DM,DM,FV,DM,DM,DM,DM,DM,DM,DM,DM,DM,DM,DM,DM,DM,DM,DM,HD,HD,HD,HD,HD,HD,DM,HD,HD,HD,HD,DM,DM,DM,DM,DM,DM,DM,DM,DM,DM,DM,DM,DM,DM,DM,DM,DM,DM,DM,DM,DM,DM,DM,DM,DM,DM,DM,DM,DM,DM,DM,DM,DM,DM,DM,HD,HD,HD,HD,HD,HD,HD,HD,HD,HD,HD
*FJ,FW,DM,DM,DM,DM,DM,DM,DM,DM,DM,DM,DM,DM,DM,DM,DM,DM,DM,HD,HD,HD,HD,HD,HD,DM,HD,HD,HD,HD,DM,DM,DM,DM,DM,DM,DM,DM,DM,DM,DM,DM,DM,DM,DM,DM,DM,DM,DM,DM,DM,DM,DM,DM,DM,DM,DM,DM,DM,DM,DM,DM,DM,DM,DM,HD,HD,HD,HD,HD,HD,HD,HD,HD,HD,HD
*FK,FX,DM,DM,DM,DM,DM,DM,DM,DM,DM,DM,DM,DM,DM,DM,DM,DM,DM,HD,HD,HD,HD,HD,HD,DM,HD,HD,HD,HD,DM,DM,DM,DM,DM,DM,DM,DM,DM,DM,DM,DM,DM,DM,DM,DM,DM,DM,DM,DM,DM,DM,DM,DM,DM,DM,DM,DM,DM,DM,DM,DM,DM,DM,DM,HD,HD,HD,HD,HD,HD,HD,HD,HD,HD,HD
*FL,DM,DM,DM,DM,DM,DM,DM,DM,DM,DM,DM,DM,DM,DM,DM,DM,DM,DM,HD,HD,HD,HD,HD,HD,DM,HD,HD,HD,HD,DM,DM,DM,DM,DM,DM,DM,DM,DM,DM,DM,DM,DM,DM,DM,DM,DM,DM,DM,DM,DM,DM,DM,DM,DM,DM,DM,DM,DM,DM,DM,DM,DM,DM,DM,HD,HD,HD,HD,HD,HD,HD,HD,HD,HD,HD
*FM,DM,DM,DM,DM,DM,DM,FY,DM,DM,DM,DM,DM,DM,DM,DM,DM,DM,DM,HD,HD,HD,HD,HD,HD,DM,HD,HD,HD,HD,DM,DM,DM,DM,DM,DM,DM,DM,DM,DM,DM,DM,DM,DM,DM,DM,DM,DM,DM,DM,DM,DM,DM,DM,DM,DM,DM,DM,DM,DM,DM,DM,DM,DM,DM,HD,HD,HD,HD,HD,HD,HD,HD,HD,HD,HD
*FN,DM,DM,DM,DM,DM,DM,DM,DM,DM,DM,DM,DM,DM,DM,DM,DM,DM,DM,HD,HD,HD,HD,HD,HD,DM,HD,HD,HD,HD,DM,DM,DM,DM,DM,DM,DM,DM,DM,DM,DM,DM,DM,DM,DM,DM,DM,DM,DM,DM,DM,DM,DM,DM,DM,DM,DM,DM,DM,DM,DM,DM,DM,DM,DM,HD,HD,HD,HD,HD,HD,HD,HD,HD,HD,HD
*FO,FZ,DM,DM,GS,DM,DM,DM,DM,DM,GA,DM,DM,DM,DM,DM,DM,GB,DM,HD,HD,HD,HD,HD,HD,DM,HD,HD,HD,HD,DM,DM,DM,DM,DM,DM,DM,DM,DM,DM,DM,DM,DM,DM,DM,DM,DM,DM,DM,DM,DM,DM,DM,DM,DM,DM,DM,DM,DM,DM,DM,DM,DM,DM,DM,HD,HD,HD,HD,HD,HD,HD,HD,HD,HD,HD
*FP,DM,DM,DM,DM,DM,DM,DM,DM,GC,DM,DM,DM,DM,DM,DM,DM,DM,DM,HD,HD,HD,HD,HD,HD,DM,HD,HD,HD,HD,DM,DM,DM,DM,DM,DM,DM,DM,DM,DM,DM,DM,DM,DM,DM,DM,DM,DM,DM,DM,DM,DM,DM,DM,DM,DM,DM,DM,DM,DM,DM,DM,DM,DM,DM,HD,HD,HD,HD,HD,HD,HD,HD,HD,HD,HD
*FQ,DM,DM,DM,DM,DM,DM,DM,DM,DM,DM,DM,DM,DM,DM,DM,DM,DM,DM,HD,HD,HD,HD,HD,HD,DM,HD,HD,HD,HD,DM,DM,DM,DM,DM,DM,DM,DM,DM,DM,DM,DM,DM,DM,DM,DM,DM,DM,DM,DM,DM,DM,DM,DM,DM,DM,DM,DM,DM,DM,DM,DM,DM,DM,DM,HD,HD,HD,HD,HD,HD,HD,HD,HD,HD,HD
*FR,DM,DM,DM,DM,DM,DM,DM,DM,DM,DM,GD,DM,DM,DM,DM,DM,DM,DM,HD,HD,HD,HD,HD,HD,DM,HD,HD,HD,HD,DM,DM,DM,DM,DM,DM,DM,DM,DM,DM,DM,DM,DM,DM,DM,DM,DM,DM,DM,DM,DM,DM,DM,DM,DM,DM,DM,DM,DM,DM,DM,DM,DM,DM,DM,HD,HD,HD,HD,HD,HD,HD,HD,HD,HD,HD
*FT,GE,DM,DM,DM,DM,DM,DM,DM,DM,DM,DM,DM,DM,DM,DM,DM,DM,DM,HD,HD,HD,HD,HD,HD,DM,HD,HD,HD,HD,DM,DM,DM,DM,DM,DM,DM,DM,DM,DM,DM,DM,DM,DM,DM,DM,DM,DM,DM,DM,DM,DM,DM,DM,DM,DM,DM,DM,DM,DM,DM,DM,DM,DM,DM,HD,HD,HD,HD,HD,HD,HD,HD,HD,HD,HD
*FU,DM,GF,DM,DM,DM,DM,DM,DM,DM,DM,DM,DM,DM,DM,DM,DM,DM,DM,HD,HD,HD,HD,HD,HD,DM,HD,HD,HD,HD,DM,DM,DM,DM,DM,DM,DM,DM,DM,DM,DM,DM,DM,DM,DM,DM,DM,DM,DM,DM,DM,DM,DM,DM,DM,DM,DM,DM,DM,DM,DM,DM,DM,DM,DM,HD,HD,HD,HD,HD,HD,HD,HD,HD,HD,HD
*FV,DM,DM,DM,DM,DM,GG,DM,DM,DM,DM,DM,DM,DM,DM,DM,DM,DM,DM,HD,HD,HD,HD,HD,HD,DM,HD,HD,HD,HD,DM,DM,DM,DM,DM,DM,DM,DM,DM,DM,DM,DM,DM,DM,DM,DM,DM,DM,DM,DM,DM,DM,DM,DM,DM,DM,DM,DM,DM,DM,DM,DM,DM,DM,DM,HD,HD,HD,HD,HD,HD,HD,HD,HD,HD,HD
*FW,DM,GH,DM,DM,DM,DM,DM,DM,DM,DM,DM,DM,DM,DM,DM,DM,DM,DM,HD,HD,HD,HD,HD,HD,DM,HD,HD,HD,HD,DM,DM,DM,DM,DM,DM,DM,DM,DM,DM,DM,DM,DM,DM,DM,DM,DM,DM,DM,DM,DM,DM,DM,DM,DM,DM,DM,DM,DM,DM,DM,DM,DM,DM,DM,HD,HD,HD,HD,HD,HD,HD,HD,HD,HD,HD
*FX,DM,DM,DM,DM,DM,DM,DM,GI,DM,DM,DM,DM,DM,DM,DM,DM,DM,DM,HD,HD,HD,HD,HD,HD,DM,HD,HD,HD,HD,DM,DM,DM,DM,DM,DM,DM,DM,DM,DM,DM,DM,DM,DM,DM,DM,DM,DM,DM,DM,DM,DM,DM,DM,DM,DM,DM,DM,DM,DM,DM,DM,DM,DM,DM,HD,HD,HD,HD,HD,HD,HD,HD,HD,HD,HD
*FY,DM,DM,DM,DM,DM,DM,DM,GJ,DM,DM,DM,DM,DM,DM,DM,DM,DM,DM,HD,HD,HD,HD,HD,HD,DM,HD,HD,HD,HD,DM,DM,DM,DM,DM,DM,DM,DM,DM,DM,DM,DM,DM,DM,DM,DM,DM,DM,DM,DM,DM,DM,DM,DM,DM,DM,DM,DM,DM,DM,DM,DM,DM,DM,DM,HD,HD,HD,HD,HD,HD,HD,HD,HD,HD,HD
*FZ,DM,DM,DM,DM,DM,DM,DM,DM,DM,GK,DM,DM,DM,DM,DM,DM,DM,DM,HD,HD,HD,HD,HD,HD,DM,HD,HD,HD,HD,DM,DM,DM,DM,DM,DM,DM,DM,DM,DM,DM,DM,DM,DM,DM,DM,DM,DM,DM,DM,DM,DM,DM,DM,DM,DM,DM,DM,DM,DM,DM,DM,DM,DM,DM,HD,HD,HD,HD,HD,HD,HD,HD,HD,HD,HD
*GS,DM,DM,DM,DM,DM,DM,DM,DM,GL,DM,DM,DM,DM,DM,DM,DM,DM,DM,HD,HD,HD,HD,HD,HD,DM,HD,HD,HD,HD,DM,DM,DM,DM,DM,DM,DM,DM,DM,DM,DM,DM,DM,DM,DM,DM,DM,DM,DM,DM,DM,DM,DM,DM,DM,DM,DM,DM,DM,DM,DM,DM,DM,DM,DM,HD,HD,HD,HD,HD,HD,HD,HD,HD,HD,HD
*GA,DM,DM,DM,DM,GM,DM,DM,DM,DM,DM,DM,DM,DM,DM,DM,DM,DM,DM,HD,HD,HD,HD,HD,HD,DM,HD,HD,HD,HD,DM,DM,DM,DM,DM,DM,DM,DM,DM,DM,DM,DM,DM,DM,DM,DM,DM,DM,DM,DM,DM,DM,DM,DM,DM,DM,DM,DM,DM,DM,DM,DM,DM,DM,DM,HD,HD,HD,HD,HD,HD,HD,HD,HD,HD,HD
*GB,DM,DM,DM,DM,DM,DM,DM,DM,DM,DM,DM,DM,DM,DM,DM,DM,DM,GN,HD,HD,HD,HD,HD,HD,DM,HD,HD,HD,HD,DM,DM,DM,DM,DM,DM,DM,DM,DM,DM,DM,DM,DM,DM,DM,DM,DM,DM,DM,DM,DM,DM,DM,DM,DM,DM,DM,DM,DM,DM,DM,DM,DM,DM,DM,HD,HD,HD,HD,HD,HD,HD,HD,HD,HD,HD
*GC,DM,DM,DM,DM,DM,DM,DM,DM,DM,DM,DM,DM,DM,DM,DM,DM,DM,DM,HD,HD,HD,HD,HD,HD,DM,HD,HD,HD,HD,DM,DM,DM,DM,DM,DM,DM,DM,DM,DM,DM,DM,DM,DM,DM,DM,DM,DM,DM,DM,DM,DM,DM,DM,DM,DM,DM,DM,DM,DM,DM,DM,DM,DM,DM,HD,HD,HD,HD,HD,HD,HD,HD,HD,HD,HD
*GD,DM,DM,GO,DM,DM,DM,DM,DM,DM,DM,DM,DM,DM,DM,DM,DM,DM,DM,HD,HD,HD,HD,HD,HD,DM,HD,HD,HD,HD,DM,DM,DM,DM,DM,DM,DM,DM,DM,DM,DM,DM,DM,DM,DM,DM,DM,DM,DM,DM,DM,DM,DM,DM,DM,DM,DM,DM,DM,DM,DM,DM,DM,DM,DM,HD,HD,HD,HD,HD,HD,HD,HD,HD,HD,HD
*GE,DM,GP,DM,DM,DM,DM,DM,DM,DM,DM,DM,DM,DM,DM,DM,DM,DM,DM,HD,HD,HD,HD,HD,HD,DM,HD,HD,HD,HD,DM,DM,DM,DM,DM,DM,DM,DM,DM,DM,DM,DM,DM,DM,DM,DM,DM,DM,DM,DM,DM,DM,DM,DM,DM,DM,DM,DM,DM,DM,DM,DM,DM,DM,DM,HD,HD,HD,HD,HD,HD,HD,HD,HD,HD,HD
*GF,DM,DM,DM,DM,DM,DM,DM,DM,DM,DM,DM,DM,DM,DM,DM,DM,DM,DM,HD,HD,HD,HD,HD,HD,DM,HD,HD,HD,HD,DM,DM,DM,DM,DM,DM,DM,DM,DM,DM,DM,DM,DM,DM,DM,DM,DM,DM,DM,DM,DM,DM,DM,DM,DM,DM,DM,DM,DM,DM,DM,DM,DM,DM,DM,HD,HD,HD,HD,HD,HD,HD,HD,HD,HD,HD
*GG,DM,DM,DM,DM,DM,DM,DM,DM,DM,DM,DM,DM,GQ,DM,DM,DM,DM,DM,HD,HD,HD,HD,HD,HD,DM,HD,HD,HD,HD,DM,DM,DM,DM,DM,DM,DM,DM,DM,DM,DM,DM,DM,DM,DM,DM,DM,DM,DM,DM,DM,DM,DM,DM,DM,DM,DM,DM,DM,DM,DM,DM,DM,DM,DM,HD,HD,HD,HD,HD,HD,HD,HD,HD,HD,HD
*GH,DM,DM,GR,DM,DM,DM,DM,DM,DM,DM,DM,DM,DM,DM,DM,DM,DM,DM,HD,HD,HD,HD,HD,HD,DM,HD,HD,HD,HD,DM,DM,DM,DM,DM,DM,DM,DM,DM,DM,DM,DM,DM,DM,DM,DM,DM,DM,DM,DM,DM,DM,DM,DM,DM,DM,DM,DM,DM,DM,DM,DM,DM,DM,DM,HD,HD,HD,HD,HD,HD,HD,HD,HD,HD,HD
*GI,DM,DM,DM,DM,DM,DM,DM,DM,GT,DM,DM,DM,DM,DM,DM,DM,DM,DM,HD,HD,HD,HD,HD,HD,DM,HD,HD,HD,HD,DM,DM,DM,DM,DM,DM,DM,DM,DM,DM,DM,DM,DM,DM,DM,DM,DM,DM,DM,DM,DM,DM,DM,DM,DM,DM,DM,DM,DM,DM,DM,DM,DM,DM,DM,HD,HD,HD,HD,HD,HD,HD,HD,HD,HD,HD
*GJ,DM,DM,DM,DM,DM,DM,DM,DM,GU,DM,DM,DM,DM,DM,DM,DM,DM,DM,HD,HD,HD,HD,HD,HD,DM,HD,HD,HD,HD,DM,DM,DM,DM,DM,DM,DM,DM,DM,DM,DM,DM,DM,DM,DM,DM,DM,DM,DM,DM,DM,DM,DM,DM,DM,DM,DM,DM,DM,DM,DM,DM,DM,DM,DM,HD,HD,HD,HD,HD,HD,HD,HD,HD,HD,HD
*GK,DM,DM,DM,DM,DM,DM,DM,DM,DM,DM,DM,DM,DM,DM,DM,DM,DM,DM,HD,HD,HD,HD,HD,HD,DM,HD,HD,HD,HD,DM,DM,DM,DM,DM,DM,DM,DM,DM,DM,DM,DM,DM,DM,DM,DM,DM,DM,DM,DM,DM,DM,DM,DM,DM,DM,DM,DM,DM,DM,DM,DM,DM,DM,DM,HD,HD,HD,HD,HD,HD,HD,HD,HD,HD,HD
*GL,DM,DM,DM,DM,DM,DM,DM,DM,DM,GV,DM,DM,DM,DM,DM,DM,DM,DM,HD,HD,HD,HD,HD,HD,DM,HD,HD,HD,HD,DM,DM,DM,DM,DM,DM,DM,DM,DM,DM,DM,DM,DM,DM,DM,DM,DM,DM,DM,DM,DM,DM,DM,DM,DM,DM,DM,DM,DM,DM,DM,DM,DM,DM,DM,HD,HD,HD,HD,HD,HD,HD,HD,HD,HD,HD
*GM,DM,DM,DM,DM,DM,DM,DM,DM,DM,DM,DM,DM,GW,DM,DM,DM,DM,DM,HD,HD,HD,HD,HD,HD,DM,HD,HD,HD,HD,DM,DM,DM,DM,DM,DM,DM,DM,DM,DM,DM,DM,DM,DM,DM,DM,DM,DM,DM,DM,DM,DM,DM,DM,DM,DM,DM,DM,DM,DM,DM,DM,DM,DM,DM,HD,HD,HD,HD,HD,HD,HD,HD,HD,HD,HD
*GN,GX,DM,DM,DM,DM,DM,DM,DM,DM,DM,DM,DM,DM,DM,DM,DM,DM,DM,HD,HD,HD,HD,HD,HD,DM,HD,HD,HD,HD,DM,DM,DM,DM,DM,DM,DM,DM,DM,DM,DM,DM,DM,DM,DM,DM,DM,DM,DM,DM,DM,DM,DM,DM,DM,DM,DM,DM,DM,DM,DM,DM,DM,DM,DM,HD,HD,HD,HD,HD,HD,HD,HD,HD,HD,HD
*GO,DM,DM,DM,DM,DM,DM,DM,DM,DM,DM,DM,DM,DM,DM,DM,DM,DM,DM,HD,HD,HD,HD,HD,HD,DM,HD,HD,HD,HD,DM,DM,DM,DM,DM,DM,DM,DM,DM,DM,DM,DM,DM,DM,DM,DM,DM,DM,DM,DM,DM,DM,DM,DM,DM,DM,DM,DM,DM,DM,DM,DM,DM,DM,DM,HD,HD,HD,HD,HD,HD,HD,HD,HD,HD,HD
*GP,DM,DM,DM,DM,DM,DM,DM,DM,DM,DM,DM,DM,DM,GY,DM,DM,DM,DM,HD,HD,HD,HD,HD,HD,DM,HD,HD,HD,HD,DM,DM,DM,DM,DM,DM,DM,DM,DM,DM,DM,DM,DM,DM,DM,DM,DM,DM,DM,DM,DM,DM,DM,DM,DM,DM,DM,DM,DM,DM,DM,DM,DM,DM,DM,HD,HD,HD,HD,HD,HD,HD,HD,HD,HD,HD
*GQ,DM,GZ,DM,DM,DM,DM,DM,DM,DM,DM,DM,DM,DM,DM,DM,DM,DM,DM,HD,HD,HD,HD,HD,HD,DM,HD,HD,HD,HD,DM,DM,DM,DM,DM,DM,DM,DM,DM,DM,DM,DM,DM,DM,DM,DM,DM,DM,DM,DM,DM,DM,DM,DM,DM,DM,DM,DM,DM,DM,DM,DM,DM,DM,DM,HD,HD,HD,HD,HD,HD,HD,HD,HD,HD,HD
*GR,DM,DM,DM,DM,DM,DM,DM,HS,DM,DM,DM,DM,DM,DM,DM,DM,DM,DM,HD,HD,HD,HD,HD,HD,DM,HD,HD,HD,HD,DM,DM,DM,DM,DM,DM,DM,DM,DM,DM,DM,DM,DM,DM,DM,DM,DM,DM,DM,DM,DM,DM,DM,DM,DM,DM,DM,DM,DM,DM,DM,DM,DM,DM,DM,HD,HD,HD,HD,HD,HD,HD,HD,HD,HD,HD
*GT,DM,DM,DM,DM,DM,DM,DM,DM,DM,DM,DM,DM,DM,DM,DM,DM,DM,DM,HD,HD,HD,HD,HD,HD,DM,HD,HD,HD,HD,DM,DM,DM,DM,DM,DM,DM,DM,DM,DM,DM,DM,DM,DM,DM,DM,DM,DM,DM,DM,DM,DM,DM,DM,DM,DM,DM,DM,DM,DM,DM,DM,DM,DM,DM,HD,HD,HD,HD,HD,HD,HD,HD,HD,HD,HD
*GU,DM,DM,DM,DM,DM,DM,DM,DM,DM,DM,DM,DM,DM,DM,DM,DM,DM,DM,HD,HD,HD,HD,HD,HD,DM,HD,HD,HD,HD,DM,DM,DM,DM,DM,DM,DM,DM,DM,DM,DM,DM,DM,DM,DM,DM,DM,DM,DM,DM,DM,DM,DM,DM,DM,DM,DM,DM,DM,DM,DM,DM,DM,DM,DM,HD,HD,HD,HD,HD,HD,HD,HD,HD,HD,HD
*GV,DM,DM,DM,DM,DM,DM,DM,DM,DM,DM,DM,DM,DM,DM,DM,DM,DM,DM,HD,HD,HD,HD,HD,HD,DM,HD,HD,HD,HD,DM,DM,DM,DM,DM,DM,DM,DM,DM,DM,DM,DM,DM,DM,DM,DM,DM,DM,DM,DM,DM,DM,DM,DM,DM,DM,DM,DM,DM,DM,DM,DM,DM,DM,DM,HD,HD,HD,HD,HD,HD,HD,HD,HD,HD,HD
*GW,DM,DM,DM,DM,DM,DM,DM,DM,DM,DM,DM,DM,DM,DM,DM,DM,DM,DM,HD,HD,HD,HD,HD,HD,DM,HD,HD,HD,HD,DM,DM,DM,DM,DM,DM,DM,DM,DM,DM,DM,DM,DM,DM,DM,DM,DM,DM,DM,DM,DM,DM,DM,DM,DM,DM,DM,DM,DM,DM,DM,DM,DM,DM,DM,HD,HD,HD,HD,HD,HD,HD,HD,HD,HD,HD
*GX,DM,DM,DM,DM,DM,DM,DM,HA,DM,DM,DM,DM,DM,DM,DM,DM,DM,DM,HD,HD,HD,HD,HD,HD,DM,HD,HD,HD,HD,DM,DM,DM,DM,DM,DM,DM,DM,DM,DM,DM,DM,DM,DM,DM,DM,DM,DM,DM,DM,DM,DM,DM,DM,DM,DM,DM,DM,DM,DM,DM,DM,DM,DM,DM,HD,HD,HD,HD,HD,HD,HD,HD,HD,HD,HD
*GY,DM,DM,DM,DM,DM,DM,DM,DM,DM,DM,DM,DM,DM,DM,DM,DM,DM,DM,HD,HD,HD,HD,HD,HD,DM,HD,HD,HD,HD,DM,DM,DM,DM,DM,DM,DM,DM,DM,DM,DM,DM,DM,DM,DM,DM,DM,DM,DM,DM,DM,DM,DM,DM,DM,DM,DM,DM,DM,DM,DM,DM,DM,DM,DM,HD,HD,HD,HD,HD,HD,HD,HD,HD,HD,HD
*GZ,DM,DM,DM,DM,DM,DM,DM,DM,DM,DM,DM,DM,DM,DM,DM,DM,DM,DM,HD,HD,HD,HD,HD,HD,DM,HD,HD,HD,HD,DM,DM,DM,DM,DM,DM,DM,DM,DM,DM,DM,DM,DM,DM,DM,DM,DM,DM,DM,DM,DM,DM,DM,DM,DM,DM,DM,DM,DM,DM,DM,DM,DM,DM,DM,HD,HD,HD,HD,HD,HD,HD,HD,HD,HD,HD
*HS,DM,HB,DM,DM,DM,DM,DM,DM,DM,DM,DM,DM,DM,DM,DM,DM,DM,DM,HD,HD,HD,HD,HD,HD,DM,HD,HD,HD,HD,DM,DM,DM,DM,DM,DM,DM,DM,DM,DM,DM,DM,DM,DM,DM,DM,DM,DM,DM,DM,DM,DM,DM,DM,DM,DM,DM,DM,DM,DM,DM,DM,DM,DM,DM,HD,HD,HD,HD,HD,HD,HD,HD,HD,HD,HD
*HA,DM,DM,DM,DM,DM,DM,DM,DM,HC,DM,DM,DM,DM,DM,DM,DM,DM,DM,HD,HD,HD,HD,HD,HD,DM,HD,HD,HD,HD,DM,DM,DM,DM,DM,DM,DM,DM,DM,DM,DM,DM,DM,DM,DM,DM,DM,DM,DM,DM,DM,DM,DM,DM,DM,DM,DM,DM,DM,DM,DM,DM,DM,DM,DM,HD,HD,HD,HD,HD,HD,HD,HD,HD,HD,HD
*HB,DM,DM,DM,DM,DM,DM,DM,DM,DM,DM,DM,DM,DM,DM,DM,DM,DM,DM,HD,HD,HD,HD,HD,HD,DM,HD,HD,HD,HD,DM,DM,DM,DM,DM,DM,DM,DM,DM,DM,DM,DM,DM,DM,DM,DM,DM,DM,DM,DM,DM,DM,DM,DM,DM,DM,DM,DM,DM,DM,DM,DM,DM,DM,DM,HD,HD,HD,HD,HD,HD,HD,HD,HD,HD,HD
*HC,DM,DM,DM,DM,DM,DM,DM,DM,DM,DM,DM,DM,DM,DM,DM,DM,DM,DM,HD,HD,HD,HD,HD,HD,DM,HD,HD,HD,HD,DM,DM,DM,DM,DM,DM,DM,DM,DM,DM,DM,DM,DM,DM,DM,DM,DM,DM,DM,DM,DM,DM,DM,DM,DM,DM,DM,DM,DM,DM,DM,DM,DM,DM,DM,HD,HD,HD,HD,HD,HD,HD,HD,HD,HD,HD
HD,HD,HD,HD,HD,HD,HD,HD,HD,HD,HD,HD,HD,HD,HD,HD,HD,HD,HD,HD,HD,HD,HD,HD,HD,HD,HD,HD,HD,HD,HD,HD,HD,HD,HD,HD,HD,HD,HD,HD,HD,HD,HD,HD,HD,HD,HD,HD,HD,HD,HD,HD,HD,HD,HD,HD,HD,HD,HD,HD,HD,HD,HD,HD,HD,HD,HD,HD,HD,HD,HD,HD,HD,HD,HD,HD
